ID,injury,raw ,sig
1,0,-17.46677,2.60E-08
1,0,-10.307126,3.34E-05
1,0,-13.487208,1.39E-06
1,0,-13.747633,1.07E-06
1,0,-4.2545686,0.01400042
1,0,-14.553172,4.78E-07
1,0,-14.413395,5.50E-07
1,0,-21.967014,2.88E-10
1,0,-13.199459,1.85E-06
1,0,-12.4134445,4.06E-06
1,0,-2.7190304,0.061859711
2,1,-0.30713907,0.423813213
2,1,4.481352,0.988808565
2,1,-1.0789206,0.253710337
2,1,4.695635,0.990947629
2,1,3.2239788,0.961726737
2,1,5.823371,0.997051104
2,1,7.936782,0.999642773
2,1,7.9065332,0.999631806
2,1,-0.47498187,0.383437782
2,1,-2.653157,0.065794696
2,1,-5.5142756,0.004012678
2,1,-8.761403,0.00015664
2,1,-12.2399,4.83E-06
2,1,-12.609834,3.34E-06
2,1,-16.865158,4.74E-08
2,1,-9.133086,0.00010802
2,1,-7.2253933,0.000727337
2,1,-6.3014,0.001830379
2,1,-1.4855027,0.184597707
2,1,-2.161823,0.103231565
2,1,-3.367275,0.033334005
2,1,-7.13898,0.000792932
2,1,-3.78474,0.022210267
2,1,-13.689083,1.13E-06
2,1,-4.1279163,0.015860806
2,1,-5.819289,0.002960923
2,1,-4.323112,0.013085069
2,1,-1.3700806,0.202606825
2,1,-4.3589487,0.012630264
2,1,-0.9268665,0.283560866
2,1,6.1232557,0.997813481
2,1,7.61128,0.999505407
2,1,11.58192,0.999990667
2,1,-4.2531013,0.01402069
2,1,-9.315928,9.00E-05
2,1,-10.791801,2.06E-05
2,1,-11.755042,7.85E-06
2,1,-7.127271,0.000802263
2,1,-7.111004,0.00081541
2,1,-2.1057472,0.108539477
2,1,-2.9873948,0.047998594
2,1,-1.8979429,0.130341475
2,1,-4.8794255,0.007544035
2,1,-3.5919127,0.026807174
2,1,-7.5330787,0.000534802
2,1,3.349403,0.966085281
2,1,-1.8870248,0.131584072
2,1,1.9187173,0.871995328
2,1,-0.726729,0.325912936
2,1,-3.423911,0.031556486
2,1,4.224742,0.985581817
2,1,4.5902205,0.98995138
2,1,-2.4889176,0.076638759
2,1,-4.0608945,0.016941632
2,1,-10.114943,4.05E-05
2,1,-9.700875,6.12E-05
2,1,-4.6623936,0.009355479
2,1,-6.6119623,0.001342387
2,1,-3.9813993,0.018317711
2,1,0.8609557,0.702860289
2,1,-3.1132329,0.042564699
2,1,-2.276866,0.093057118
2,1,-1.6784409,0.15730203
2,1,-1.1842357,0.234291461
2,1,-0.109755635,0.472588603
2,1,-5.471359,0.004187901
2,1,-0.64351285,0.344452887
2,1,-8.665784,0.000172355
2,1,2.6411827,0.933465457
2,1,-3.4936378,0.029493798
2,1,-2.8515942,0.054598969
2,1,-12.606117,3.35E-06
2,1,-12.720301,2.99E-06
2,1,-10.573033,2.56E-05
2,1,-4.092875,0.016417156
2,1,-0.06113147,0.48472189
2,1,2.144427,0.895146852
2,1,1.9430219,0.874683755
2,1,-4.984892,0.006794042
2,1,-2.1072428,0.10839485
2,1,-5.8273883,0.002937108
2,1,-1.080755,0.253363167
2,1,-1.3635375,0.203665967
2,1,-0.8126578,0.307324424
2,1,-8.40074,0.000224651
2,1,-4.7048397,0.008970173
2,1,-6.0448666,0.002364393
2,1,-8.242078,0.000263267
2,1,-11.1496935,1.44E-05
2,1,-5.5102735,0.004028705
3,0,-11.530939,9.82E-06
3,0,-11.258126,1.29E-05
3,0,-9.105491,0.000111042
3,0,-9.97861,4.64E-05
3,0,-13.359809,1.58E-06
3,0,-9.892444,5.06E-05
3,0,-7.2259617,0.000726924
3,0,-6.1796236,0.002066926
3,0,-5.0100384,0.006626444
3,0,-8.301843,0.000247998
3,0,-12.719277,2.99E-06
3,0,-14.411431,5.51E-07
3,0,-16.572718,6.35E-08
3,0,-21.342476,5.38E-10
3,0,-15.343129,2.17E-07
3,0,-14.109548,7.45E-07
3,0,-19.588892,3.11E-09
3,0,-12.008164,6.09E-06
3,0,-14.578555,4.66E-07
3,0,-6.9232802,0.000983626
3,0,-5.13265,0.005866286
4,0,-7.8763785,0.000379461
4,0,-4.961338,0.006954842
4,0,-8.249343,0.000261362
4,0,-7.0949306,0.000828611
4,0,-3.1214128,0.042232589
4,0,-5.866042,0.002826059
4,0,-0.8559577,0.298184589
4,0,0.96892786,0.724905746
4,0,-2.7227952,0.061641588
4,0,-3.7622738,0.022703438
4,0,-2.9882095,0.04796138
4,0,-1.2299283,0.226193975
4,0,2.7626345,0.940622946
4,0,-4.470686,0.011310084
4,0,3.1043708,0.957072677
4,0,-3.7539008,0.022889962
4,0,1.7005899,0.845611764
4,0,2.4464214,0.920299361
4,0,-1.9131113,0.128631717
4,0,-0.4261812,0.395038593
4,0,2.3281038,0.911177992
4,0,6.3746696,0.998298717
4,0,11.084389,0.99998465
4,0,4.8484373,0.992220377
4,0,3.9578106,0.981253258
4,0,-1.9568261,0.123810947
4,0,-2.9877064,0.047984357
4,0,-6.797763,0.001115025
4,0,-6.6507945,0.001291325
4,0,-9.82278,5.42E-05
4,0,-3.7180667,0.02370528
4,0,-5.5912223,0.003716601
4,0,3.8033426,0.978190155
4,0,-1.872073,0.133302041
4,0,1.8247458,0.861134612
4,0,-1.2005693,0.231373957
4,0,1.6750048,0.842241951
4,0,4.200346,0.985231004
4,0,2.3387759,0.912037932
4,0,-2.7710161,0.058910655
4,0,1.4434212,0.808983885
4,0,2.2165449,0.901725441
4,0,4.1178064,0.983980611
4,0,5.3940754,0.99547713
4,0,0.8824694,0.70733368
4,0,-0.5391501,0.368385313
4,0,-2.4792001,0.077329255
4,0,-2.3436475,0.087572029
4,0,1.8608174,0.865392194
4,0,1.9304553,0.873299806
4,0,3.420936,0.968352469
4,0,4.639292,0.990427972
4,0,-1.2727545,0.218786092
4,0,-0.9185363,0.285256227
4,0,-4.9530053,0.007012629
4,0,-0.72284305,0.326767231
4,0,-0.11629722,0.47095842
4,0,-3.6292794,0.025849378
4,0,5.2607102,0.994835197
4,0,-3.8359497,0.02112494
4,0,-0.45486426,0.388204869
4,0,-6.6696105,0.001267285
4,0,-9.999656,4.54E-05
4,0,-6.886229,0.001020717
4,0,-7.249828,0.000709792
4,0,-1.6402347,0.162433129
4,0,2.9598973,0.950729183
4,0,5.682378,0.996606107
4,0,-3.0218136,0.04645008
4,0,-2.7571633,0.059683366
4,0,-7.587612,0.000506433
4,0,-8.00865,0.000332463
4,0,-6.999176,0.000911802
4,0,-2.152887,0.104061752
4,0,-6.6241045,0.001326208
4,0,-5.5784388,0.003764237
4,0,-6.8296204,0.001080101
4,0,-3.9763181,0.018409306
4,0,-5.680459,0.00340039
4,0,8.153975,0.999712493
4,0,-4.957502,0.006981386
4,0,3.0233643,0.953618556
4,0,-6.1182795,0.002197402
4,0,-5.658412,0.003475927
4,0,-4.587947,0.010071261
4,0,-5.347784,0.004736147
4,0,-11.634657,8.85E-06
4,0,-12.564266,3.49E-06
4,0,-12.078785,5.68E-06
4,0,-9.52164,7.32E-05
4,0,-5.881418,0.002783058
4,0,-7.532474,0.000535125
5,1,9.403297,0.999917555
5,1,16.774757,0.999999948
5,1,-0.552216,0.365350433
5,1,-10.665263,2.33E-05
5,1,-16.216986,9.06E-08
5,1,-37.001694,8.52E-17
5,1,-28.986809,2.58E-13
5,1,-13.837128,9.79E-07
5,1,-16.629461,6.00E-08
5,1,1.5233557,0.821032093
5,1,0.36729223,0.590804524
5,1,2.6569102,0.934435622
5,1,-7.7090025,0.000448568
5,1,-14.952378,3.21E-07
5,1,-9.387663,8.37E-05
5,1,-18.62204,8.18E-09
5,1,-4.3333373,0.012953677
5,1,2.83316,0.944441645
5,1,2.4578552,0.921133992
5,1,5.3674107,0.995355474
5,1,2.3115072,0.909825587
5,1,-0.84626216,0.300217542
5,1,-0.036976814,0.49075685
5,1,-0.70986,0.329629776
5,1,4.9120593,0.992696413
5,1,0.2575048,0.564022818
5,1,5.378968,0.995408599
5,1,8.121895,0.999703123
5,1,3.598085,0.973353383
5,1,9.8813925,0.999948886
5,1,7.040515,0.999125091
5,1,4.623432,0.990276437
5,1,8.328588,0.999758545
5,1,-2.3029814,0.090876344
5,1,3.3603392,0.966441779
5,1,-3.9372864,0.019128044
5,1,5.2422786,0.994739624
5,1,-4.492112,0.011072987
5,1,4.768942,0.991582105
5,1,5.2780924,0.994923745
5,1,5.1035175,0.993961348
5,1,3.444141,0.969055932
5,1,-1.2246785,0.22711417
5,1,-0.2170294,0.44595462
5,1,-0.48721522,0.38054981
5,1,5.6301503,0.996424792
5,1,-0.16756552,0.458206365
5,1,3.1818821,0.960146747
5,1,5.8970895,0.997260098
5,1,3.426889,0.968534396
5,1,8.274684,0.999745176
5,1,11.092214,0.99998477
5,1,3.4522429,0.969297958
5,1,6.1525254,0.997876419
5,1,-7.009519,0.000902428
5,1,-3.921978,0.019417387
5,1,-0.7709517,0.31627327
5,1,-0.31165096,0.422711809
5,1,4.732057,0.991268576
5,1,-6.9929028,0.000917534
5,1,-4.3458233,0.012794999
5,1,-8.386003,0.000227985
5,1,-6.0108156,0.002446089
5,1,-2.4082541,0.082545442
5,1,-2.6936722,0.063347779
5,1,0.5116446,0.625191928
5,1,-1.7670889,0.145904726
5,1,-6.189025,0.002047625
5,1,4.485454,0.988853868
5,1,1.6073244,0.833039583
5,1,-4.090182,0.016460698
5,1,-7.7910957,0.000413229
5,1,-2.537834,0.073248072
6,0,2.3169692,0.910272704
6,0,-7.5629325,0.00051908
6,0,0.41608915,0.60254704
6,0,1.7836376,0.856145455
6,0,-2.4943407,0.076255872
6,0,7.3771763,0.999375027
6,0,-8.486682,0.000206154
6,0,-13.268286,1.73E-06
6,0,-8.3086195,0.000246323
6,0,-20.655828,1.07E-09
6,0,-11.212968,1.35E-05
6,0,-13.811431,1.00E-06
6,0,-9.423387,8.08E-05
6,0,-5.311194,0.004911785
6,0,0.19272208,0.548031946
6,0,9.0358305,0.999880948
6,0,2.6279745,0.932640414
6,0,-0.16721995,0.458292155
6,0,-4.5750875,0.010200279
6,0,-11.253386,1.30E-05
6,0,-6.527858,0.00146
6,0,-15.11807,2.72E-07
6,0,-13.623981,1.21E-06
6,0,-11.993334,6.19E-06
6,0,-20.806665,9.20E-10
6,0,-6.259583,0.001908394
6,0,-13.136134,1.97E-06
6,0,-10.640836,2.39E-05
6,0,-9.516614,7.36E-05
6,0,-5.35189,0.004716832
6,0,-14.974116,3.14E-07
6,0,1.60868,0.833228041
6,0,-3.42608,0.031490268
6,0,-1.1013492,0.24948718
6,0,-0.047560938,0.488112006
6,0,-7.3753858,0.000626093
6,0,-0.94245815,0.280404075
6,0,-8.953761,0.000129233
6,0,-7.653201,0.000474298
6,0,-4.58811,0.010069636
6,0,-11.852414,7.12E-06
6,0,-4.9879336,0.006773548
6,0,-5.82969,0.002930376
6,0,-7.2991877,0.000675631
6,0,-4.4877133,0.011121258
6,0,-10.009475,4.50E-05
6,0,-4.1857333,0.014983138
6,0,-9.09107,0.000112655
6,0,-9.000518,0.000123331
6,0,-12.702098,3.04E-06
6,0,-6.106147,0.002224165
6,0,-10.446883,2.90E-05
6,0,-10.793265,2.05E-05
6,0,-6.409204,0.001643629
6,0,-13.449542,1.44E-06
6,0,-7.7451873,0.000432633
6,0,-9.160422,0.000105107
6,0,-12.454568,3.90E-06
6,0,-7.7997293,0.000409678
6,0,-8.16673,0.000283864
6,0,-8.324861,0.000242356
6,0,-6.4428368,0.001589354
6,0,-5.587053,0.003732071
6,0,-3.5124562,0.028959885
6,0,-5.1038666,0.006036557
6,0,-8.757029,0.000157327
6,0,-5.9073143,0.002712105
6,0,-5.8208647,0.002956275
6,0,-5.214773,0.00540628
6,0,-0.2648459,0.434172854
6,0,-5.763926,0.003128944
6,0,4.1263094,0.984114092
6,0,-8.869587,0.000140581
6,0,-7.1050673,0.000820261
6,0,-6.3017282,0.00182978
6,0,-7.660445,0.000470876
6,0,-4.9964137,0.006716735
6,0,-3.3729758,0.033150796
6,0,-9.011298,0.000122008
6,0,-3.0992103,0.043139841
6,0,-6.1248946,0.002182946
6,0,-4.3165245,0.013170413
7,0,-7.007396,0.000904344
7,0,2.3827655,0.91550361
7,0,-19.3495,3.95E-09
7,0,-3.7589862,0.022776497
7,0,-8.28977,0.000251009
7,0,-11.437027,1.08E-05
7,0,-4.8466587,0.007793365
7,0,-20.162504,1.75E-09
7,0,0.8755692,0.70590321
7,0,-22.14314,2.42E-10
7,0,-11.145777,1.44E-05
7,0,-10.710725,2.23E-05
7,0,-17.047794,3.95E-08
7,0,-21.064772,7.11E-10
7,0,-12.724405,2.98E-06
7,0,-21.6435,3.98E-10
7,0,-19.612976,3.04E-09
7,0,-12.825307,2.69E-06
7,0,-10.066294,4.25E-05
7,0,-9.692093,6.18E-05
7,0,-9.19503,0.000101533
7,0,-10.003525,4.52E-05
7,0,-8.192743,0.000276577
7,0,-7.0154552,0.000897092
7,0,-5.2768497,0.005082535
7,0,-8.4493,0.000214004
7,0,-1.9181598,0.128066913
7,0,-12.035196,5.93E-06
7,0,-6.2859483,0.001858828
7,0,-6.1397247,0.002150881
7,0,-8.609591,0.000182315
7,0,0.12506571,0.531225737
7,0,-1.9716014,0.122216985
7,0,1.3466226,0.793576916
7,0,-3.624346,0.025973898
7,0,-6.7501087,0.001169383
7,0,0.028065145,0.507015826
7,0,-4.7661314,0.008441387
7,0,-0.6893482,0.334178085
7,0,2.5351875,0.926572073
7,0,-9.26421,9.47E-05
7,0,-12.335016,4.40E-06
7,0,-8.332875,0.000240422
7,0,-9.387146,8.38E-05
7,0,-8.928725,0.000132509
7,0,-3.4558594,0.030594599
7,0,-12.116333,5.47E-06
7,0,-4.097236,0.016346884
7,0,0.7490648,0.67897489
7,0,-8.025818,0.000326806
7,0,4.1418447,0.984355146
7,0,4.096464,0.983640698
7,0,4.5678487,0.989726376
7,0,8.963348,0.999871999
7,0,-2.2564287,0.094796379
7,0,10.0072975,0.999954932
7,0,6.1907444,0.997955886
7,0,10.788614,0.999979367
7,0,11.554644,0.999990409
7,0,5.1988173,0.994507244
7,0,5.1396055,0.994174139
7,0,-1.0904204,0.251539123
7,0,-2.7974277,0.057463337
7,0,-1.7079295,0.153432462
7,0,3.5497572,0.972070835
7,0,8.796375,0.999848742
7,0,13.445019,0.999998552
7,0,4.4398365,0.988339699
7,0,2.4025981,0.917025207
7,0,-4.0590672,0.016972091
7,0,1.01382,0.733767064
7,0,-0.5906717,0.35648075
7,0,0.38201487,0.594358973
7,0,-5.297467,0.004979336
7,0,0.5414789,0.63215638
7,0,-9.885439,5.09E-05
7,0,-4.737363,0.008685619
7,0,-9.104472,0.000111155
7,0,-0.7871901,0.312772328
7,0,-6.216385,0.001992471
7,0,11.455022,0.999989404
7,0,-2.538546,0.073199754
7,0,3.2160559,0.961434039
7,0,0.7802475,0.685733453
8,0,-7.462716,0.000573765
8,0,6.1194324,0.997805124
8,0,-1.1117084,0.247552527
8,0,1.9776626,0.878431773
8,0,-10.394284,3.06E-05
8,0,-7.8746367,0.000380123
8,0,-14.573851,4.68E-07
8,0,-13.047329,2.16E-06
8,0,-21.005507,7.54E-10
8,0,-21.247282,5.92E-10
8,0,-19.412374,3.71E-09
8,0,-24.078644,3.49E-11
8,0,-22.88945,1.15E-10
8,0,-18.998825,5.61E-09
8,0,-16.756357,5.28E-08
8,0,-7.510218,0.000547162
8,0,-14.951756,3.21E-07
8,0,-7.909062,0.000367264
8,0,-14.447303,5.32E-07
9,0,-22.385893,1.90E-10
9,0,-33.836273,2.02E-15
9,0,-24.744389,1.79E-11
9,0,-16.973232,4.25E-08
9,0,-22.98348,1.04E-10
9,0,-7.0312786,0.000883021
9,0,-11.769248,7.74E-06
9,0,-10.41133,3.01E-05
9,0,-18.927088,6.03E-09
9,0,-15.796317,1.38E-07
9,0,-26.106306,4.59E-12
9,0,-14.36883,5.75E-07
9,0,-37.065086,8.00E-17
9,0,-27.72737,9.08E-13
10,1,0.5267893,0.628733956
10,1,-1.3467492,0.206402346
10,1,-1.7402276,0.149284027
10,1,-4.7323003,0.008729319
10,1,-4.5943203,0.010007919
10,1,-10.457954,2.87E-05
10,1,-2.447788,0.079600459
10,1,-2.4447474,0.079823511
11,1,-26.94695,1.98E-12
11,1,-20.635,1.09E-09
11,1,-23.96056,3.93E-11
11,1,-9.079759,0.000113936
11,1,1.1123968,0.752575679
11,1,7.083663,0.999162007
11,1,0.63330954,0.653239511
11,1,8.36732,0.999767717
11,1,2.314595,0.910078599
11,1,-0.54763335,0.366413664
11,1,0.1600059,0.53991635
11,1,2.613898,0.931750693
11,1,8.747205,0.99984112
11,1,2.4028559,0.917044821
11,1,11.319354,0.999987864
11,1,1.456107,0.810936528
11,1,7.782649,0.999583267
11,1,4.460003,0.988569831
11,1,-0.8037954,0.309214232
11,1,5.353652,0.995291433
11,1,3.3206158,0.965129322
11,1,-3.2343338,0.037893929
11,1,0.816651,0.693524978
11,1,-2.686824,0.063755333
11,1,0.00356812,0.500892029
11,1,-1.2344767,0.225398859
11,1,4.585143,0.989900745
11,1,-1.9112222,0.128843607
11,1,-7.971896,0.000344905
11,1,-4.1413746,0.015652095
11,1,-4.4690094,0.011328848
11,1,-6.412914,0.001637552
11,1,-0.49254778,0.37929356
11,1,-8.533522,0.000196722
11,1,0.07306631,0.518258455
11,1,0.7417965,0.677388576
11,1,7.523306,0.999459949
11,1,4.320359,0.986879331
11,1,9.973281,0.999953373
11,1,4.4916325,0.988921761
11,1,3.0587413,0.955158417
11,1,-4.7212024,0.008825876
11,1,-0.8538121,0.298633794
11,1,-15.283784,2.30E-07
11,1,-10.149922,3.91E-05
11,1,-10.563745,2.58E-05
11,1,-9.560317,7.05E-05
11,1,-3.6520436,0.025282294
11,1,-5.4128284,0.004439216
11,1,-1.5240864,0.178860564
11,1,2.8892422,0.947312071
11,1,4.3154283,0.986815332
11,1,8.919938,0.999866321
11,1,2.4459894,0.920267668
11,1,2.1593287,0.896537297
11,1,4.2786803,0.986328557
11,1,3.3762314,0.966953393
11,1,2.7525842,0.94005913
11,1,2.0641482,0.887369428
11,1,4.2937803,0.986530685
11,1,1.0628406,0.743233013
11,1,5.420865,0.995596161
11,1,-3.6289556,0.025857533
11,1,-5.9088163,0.002708046
11,1,-9.514808,7.37E-05
11,1,-12.435296,3.98E-06
11,1,-10.87663,1.89E-05
11,1,-11.489451,1.02E-05
11,1,-8.222877,0.00026837
11,1,-9.070682,0.000114975
11,1,0.4364672,0.607416914
11,1,0.6749913,0.662619892
11,1,-0.86744577,0.295786062
11,1,-3.5843112,0.027006201
11,1,-1.5235183,0.178944016
11,1,0.08764427,0.521897052
11,1,2.891102,0.94740482
11,1,2.4340103,0.919384264
11,1,-2.4132445,0.082168297
12,1,1.7527487,0.852299158
12,1,5.498956,0.995925628
12,1,-1.5430604,0.176090823
12,1,-13.000766,2.26E-06
12,1,-26.10089,4.62E-12
12,1,-23.419508,6.75E-11
12,1,-18.99629,5.62E-09
12,1,-12.348668,4.34E-06
12,1,3.9484344,0.981079999
12,1,-8.562381,0.000191127
12,1,2.5135062,0.925083247
12,1,-0.9952836,0.269869732
12,1,5.045807,0.993604896
12,1,0.5120916,0.625296666
12,1,-5.4385767,0.004326861
12,1,-21.90203,3.08E-10
12,1,-25.810755,6.17E-12
12,1,-24.557533,2.16E-11
12,1,-24.263178,2.90E-11
12,1,-9.244721,9.66E-05
12,1,-0.74278015,0.322396501
12,1,-12.146788,5.31E-06
12,1,-9.729938,5.95E-05
12,1,-17.467772,2.59E-08
12,1,-6.819218,0.001091383
12,1,-17.122686,3.66E-08
12,1,-3.2616365,0.03691099
12,1,-10.253952,3.52E-05
12,1,-1.2921087,0.215496105
12,1,-8.57697,0.000188359
12,1,-8.393836,0.000226207
12,1,-2.96077,0.049229953
12,1,-5.4221096,0.004398386
12,1,-5.6594386,0.003472373
12,1,-9.564677,7.02E-05
12,1,-6.435235,0.001601463
12,1,2.22657,0.902610261
12,1,-3.037329,0.04576768
12,1,-10.0306635,4.40E-05
12,1,-13.67195,1.15E-06
12,1,-1.0085449,0.267264713
12,1,-15.551381,1.76E-07
12,1,-8.826568,0.00014676
12,1,-2.917895,0.051276006
12,1,-5.5494757,0.003874426
12,1,-0.64750934,0.343551021
12,1,-1.9989731,0.119310782
12,1,-5.8967323,0.002740878
12,1,3.7137015,0.976193484
12,1,-1.8063775,0.141076508
12,1,-3.4887002,0.02963546
12,1,2.2045004,0.900652921
12,1,-4.0705585,0.01678143
12,1,-3.5855367,0.026974017
12,1,-10.580709,2.54E-05
12,1,-9.16672,0.000104448
12,1,-16.618286,6.06E-08
12,1,-12.134017,5.37E-06
12,1,-9.7232065,5.99E-05
12,1,-3.769059,0.022553374
12,1,-6.8759584,0.001031243
12,1,7.461769,0.999425691
12,1,5.990704,0.997504342
12,1,-4.2516136,0.014041271
12,1,-1.4191022,0.194802369
12,1,-3.9142277,0.019565506
12,1,-12.296441,4.57E-06
12,1,-3.1948035,0.039361745
12,1,-5.205017,0.005458993
12,1,-8.309739,0.000246048
12,1,-11.267411,1.28E-05
12,1,-5.1653147,0.005678832
12,1,-8.854787,0.000142677
12,1,-6.761529,0.00115612
12,1,3.9999626,0.982013129
12,1,-8.311685,0.000245569
12,1,1.5112581,0.819247582
12,1,7.2492924,0.999289828
12,1,0.3077978,0.576347638
12,1,8.253162,0.999739634
14,0,-11.174116,1.40E-05
14,0,-12.671253,3.14E-06
14,0,-11.223684,1.34E-05
14,0,-12.313662,4.49E-06
14,0,-6.8670387,0.001040473
14,0,-15.155973,2.62E-07
14,0,-14.89949,3.38E-07
14,0,-8.924389,0.000133085
14,0,-11.39691,1.12E-05
14,0,-7.3833714,0.000621116
14,0,-30.727816,4.52E-14
14,0,-17.69795,2.06E-08
14,0,-22.362335,1.94E-10
14,0,-10.890586,1.86E-05
14,0,-2.2875996,0.092155177
14,0,-5.511759,0.004022749
14,0,-8.456331,0.000212505
14,0,-4.2984004,0.013408061
14,0,-9.215438,9.95E-05
14,0,-7.9204173,0.000363119
14,0,-6.92135,0.000985525
14,0,-10.368322,3.14E-05
14,0,-10.905225,1.84E-05
14,0,2.0482256,0.885768203
14,0,-8.970158,0.000127132
14,0,-5.487178,0.004122445
14,0,-12.202198,5.02E-06
14,0,-7.2704544,0.000695312
14,0,-6.3466854,0.00174948
14,0,-1.1524904,0.240034495
14,0,-0.9719936,0.274483314
14,0,-5.4648905,0.004214963
14,0,-11.363312,1.16E-05
14,0,-15.5675535,1.73E-07
14,0,-8.990807,0.000124534
14,0,-5.849895,0.00287193
14,0,-2.2708135,0.093569193
14,0,6.9514575,0.999043676
14,0,-3.8501346,0.020833599
14,0,0.80378824,0.690784239
14,0,-6.2668447,0.001894612
14,0,1.6239426,0.835338145
14,0,-4.867301,0.007635356
14,0,-3.8885715,0.020063776
14,0,0.12181021,0.530414954
14,0,3.5385716,0.971765547
14,0,3.1215606,0.957773389
14,0,-2.0224705,0.116863777
14,0,-11.363429,1.16E-05
14,0,-15.395199,2.06E-07
14,0,-18.913883,6.11E-09
14,0,-17.935549,1.62E-08
14,0,-1.6843083,0.156525821
14,0,-0.82899797,0.303856986
14,0,-3.2440827,0.0375401
14,0,-4.8750014,0.007577231
14,0,-8.76459,0.000156142
14,0,-3.6481614,0.02537814
14,0,3.8591676,0.979349875
14,0,-0.5755448,0.359958378
14,0,1.7878429,0.856662606
14,0,1.698561,0.8453467
14,0,-4.230609,0.014335049
14,0,0.6791231,0.663542954
14,0,-3.8150485,0.021561502
14,0,-9.145845,0.000106651
14,0,-12.003611,6.12E-06
14,0,-10.727507,2.19E-05
14,0,2.5632467,0.928458415
14,0,-2.0756607,0.111485077
14,0,-3.2596781,0.036980671
14,0,-10.688904,2.28E-05
14,0,-5.411916,0.00444325
14,0,2.0689998,0.88785341
14,0,3.5263748,0.971428968
14,0,1.835898,0.862462848
14,0,-2.3155274,0.089845127
14,0,-3.9149542,0.019551575
14,0,-18.07208,1.42E-08
14,0,-9.413575,8.16E-05
14,0,-4.153305,0.015469341
14,0,-14.014524,8.20E-07
14,0,-3.302734,0.035477516
15,1,9.985819,0.999953954
15,1,-5.8565807,0.002852848
15,1,-7.281438,0.000687722
15,1,-9.821007,5.43E-05
15,1,-1.8355176,0.137582281
15,1,-2.365788,0.085819012
15,1,-2.65404,0.065740442
15,1,-2.2746634,0.093243178
15,1,3.3886127,0.967346752
15,1,-10.1457405,3.92E-05
15,1,2.3852565,0.915696107
15,1,6.191545,0.997957518
15,1,16.247276,0.999999912
15,1,16.00865,0.999999888
15,1,7.3460917,0.999355307
15,1,8.107496,0.999698818
15,1,-4.3728504,0.012458069
15,1,0.023470573,0.505867374
15,1,5.550059,0.996127824
15,1,8.124665,0.999703944
15,1,3.5762124,0.972780171
15,1,3.6939538,0.975730211
15,1,3.8375719,0.978908579
15,1,0.35209525,0.587125579
15,1,3.4684575,0.969776841
15,1,2.9697871,0.951190394
15,1,6.619283,0.998667391
15,1,6.056296,0.997662414
15,1,4.1795774,0.984925737
15,1,4.1795774,0.984925737
15,1,4.1795774,0.984925737
15,1,4.1795774,0.984925737
15,1,4.1795774,0.984925737
15,1,4.1795774,0.984925737
15,1,4.1795774,0.984925737
15,1,4.1795774,0.984925737
15,1,4.1795774,0.984925737
15,1,3.437251,0.968848655
15,1,7.1421804,0.9992096
15,1,8.21846,0.999730443
15,1,9.389868,0.99991644
15,1,8.663748,0.999827294
15,1,4.462437,0.988597301
15,1,4.775049,0.991632928
15,1,4.4612403,0.988583803
15,1,7.702306,0.99954842
15,1,6.137023,0.997843313
15,1,3.8930395,0.980023882
15,1,4.1201324,0.984017234
15,1,5.9558787,0.997416127
15,1,5.7329407,0.996772905
15,1,3.4346075,0.968768773
15,1,3.145689,0.95873852
15,1,1.009828,0.732986487
15,1,4.103772,0.983757881
15,1,5.1920795,0.994470316
15,1,5.641423,0.996464726
15,1,2.8716686,0.946428012
15,1,2.8306057,0.944307465
15,1,-3.42476,0.031530551
15,1,1.9638655,0.87695068
15,1,-4.058742,0.016977518
15,1,-6.5983152,0.001360808
15,1,-12.689438,3.08E-06
15,1,5.57722,0.99623119
15,1,1.2832352,0.782999976
15,1,7.011651,0.999099492
15,1,6.4167967,0.998368784
15,1,5.0128226,0.993391857
15,1,3.3185465,0.965059613
15,1,1.2840722,0.783142158
15,1,0.38714844,0.595596056
15,1,0.4258445,0.604880938
15,1,3.8454287,0.979070186
15,1,6.564019,0.998591779
15,1,4.009164,0.982174938
15,1,3.4436839,0.969042222
15,1,-0.48667967,0.380676064
15,1,-0.4693814,0.384762668
15,1,1.3369918,0.791994809
15,1,3.8265324,0.978679442
15,1,0.015933841,0.503983376
15,1,-0.7577967,0.319124818
15,1,-0.16114427,0.459800884
16,0,-6.204726,0.002015791
16,0,-4.2763553,0.01370283
16,0,-46.52653,6.22E-21
16,0,-38.241756,2.47E-17
16,0,-19.30468,4.13E-09
16,0,-5.907922,0.002710462
16,0,4.6974397,0.990963804
16,0,-4.235289,0.014269072
16,0,-20.834225,8.95E-10
16,0,6.8083043,0.998896654
16,0,-7.6764855,0.000463387
16,0,4.2220306,0.985543236
16,0,-7.627371,0.000486702
16,0,-3.0437763,0.04548693
16,0,-23.285702,7.71E-11
16,0,-8.156033,0.000286916
16,0,-10.725726,2.20E-05
16,0,-18.13001,1.34E-08
16,0,-1.7343651,0.150030087
16,0,-7.960475,0.000348866
16,0,-19.970985,2.12E-09
16,0,-13.916885,9.04E-07
16,0,-16.560352,6.43E-08
16,0,-12.342382,4.36E-06
16,0,-7.390101,0.000616953
16,0,-4.9576335,0.006980474
16,0,-1.9726388,0.122105736
16,0,-16.621733,6.04E-08
16,0,4.329336,0.986995063
16,0,-26.754732,2.40E-12
17,0,-15.440976,1.97E-07
17,0,-0.7644081,0.317689986
17,0,-3.2635624,0.036842588
17,0,-17.55467,2.38E-08
17,0,-8.554553,0.000192629
17,0,-22.016874,2.74E-10
17,0,-28.19014,5.72E-13
17,0,5.290873,0.994987887
17,0,-16.649643,5.88E-08
17,0,-1.4058391,0.196891169
17,0,-28.680912,3.50E-13
17,0,-17.922398,1.65E-08
17,0,-13.905623,9.14E-07
17,0,-17.552324,2.38E-08
17,0,-7.9572763,0.000349983
17,0,-12.94373,2.39E-06
17,0,-0.8380283,0.301950209
17,0,-2.1528542,0.10406481
17,0,-8.942668,0.000130675
17,0,-10.34788,3.21E-05
17,0,-4.7320423,0.008731552
17,0,-16.018303,1.10E-07
17,0,-4.0157957,0.017709329
17,0,-8.160935,0.000285514
17,0,-5.1166124,0.00596056
17,0,-6.5930777,0.001367944
17,0,-17.423618,2.71E-08
17,0,-7.778895,0.000418299
17,0,-6.2388716,0.001948254
17,0,-5.7742553,0.00309689
17,0,-4.2990394,0.013399611
17,0,4.741502,0.991349946
17,0,2.9901097,0.952125311
17,0,-0.55866325,0.363856814
17,0,-7.5138483,0.00054518
17,0,-4.404523,0.012074363
17,0,-4.0675926,0.016830437
17,0,3.0496795,0.954768688
17,0,2.7757246,0.941349843
17,0,9.012399,0.999878126
17,0,7.7702117,0.999578054
17,0,-0.2727408,0.432234357
17,0,-1.9637922,0.12305723
17,0,6.0305223,0.997601529
17,0,-0.20005259,0.450152986
17,0,11.576633,0.999990617
17,0,2.7781951,0.941486092
17,0,-4.194292,0.014857346
17,0,-6.483988,0.001525376
17,0,-1.4327215,0.192674997
17,0,-7.3858323,0.00061959
17,0,1.1356542,0.756880852
17,0,-0.21040091,0.447592962
17,0,-0.7109715,0.32938421
17,0,0.6500553,0.657022924
17,0,1.2362782,0.774915517
17,0,-3.1982975,0.039229841
17,0,-1.1187214,0.246248528
17,0,-4.2458935,0.014120681
17,0,6.961893,0.999053595
17,0,1.1414045,0.757937414
17,0,0.5060375,0.623877114
17,0,-7.417085,0.000600537
17,0,0.12237997,0.530556865
17,0,0.6834667,0.664511989
17,0,2.9763203,0.951492819
17,0,5.2482157,0.9947706
17,0,-0.75512934,0.319704672
17,0,5.4970274,0.995917795
17,0,1.9100074,0.871019979
17,0,-0.6267792,0.348241203
17,0,-2.6722236,0.064632411
17,0,3.1368034,0.958385578
17,0,-1.4829432,0.184983278
17,0,3.9182966,0.980512394
17,0,3.0749884,0.95584917
17,0,9.229637,0.999901921
17,0,11.159234,0.999985757
17,0,3.0087488,0.952967807
17,0,9.875782,0.999948598
17,0,3.4916275,0.970448605
17,0,6.568648,0.998598274
18,0,3.3350544,0.965611999
18,0,-7.094038,0.00082935
18,0,-2.2648592,0.094075425
18,0,-5.3124423,0.004905687
18,0,0.54979646,0.634088367
18,0,-3.970674,0.018511575
18,0,-1.9066657,0.129355907
18,0,-10.856034,1.93E-05
18,0,-8.316119,0.000244483
18,0,-10.627704,2.42E-05
18,0,-4.004023,0.017915291
18,0,1.7320075,0.849669021
18,0,0.81587183,0.693359342
18,0,1.7173451,0.847786552
18,0,1.2732221,0.781293819
18,0,3.90582,0.980272558
18,0,1.0682442,0.744262868
18,0,-5.488427,0.00411732
18,0,0.7307225,0.6749638
18,0,-3.5548162,0.027792145
18,0,-6.28686,0.001857138
18,0,-2.333229,0.088408085
18,0,-3.9442482,0.018997862
18,0,-0.76394784,0.317789762
18,0,1.3141893,0.788213333
18,0,3.8247848,0.978642946
18,0,-2.1178632,0.107372698
18,0,0.5485728,0.633804406
18,0,-0.26199335,0.434873762
18,0,0.8464881,0.699829923
18,0,-6.211182,0.002002845
18,0,2.1513324,0.895793219
18,0,3.7256413,0.976469391
18,0,2.3929577,0.916288714
18,0,10.437421,0.999970686
18,0,5.426887,0.995622485
18,0,6.4750366,0.99846093
18,0,8.998533,0.999876424
18,0,6.4744916,0.998460092
18,0,6.198888,0.997972431
18,0,10.894331,0.999981437
18,0,-1.735113,0.149934739
18,0,18.701822,0.999999992
18,0,8.7967415,0.999848798
18,0,11.519029,0.999990061
18,0,5.5887995,0.996274417
18,0,4.2991195,0.986601448
18,0,4.1502023,0.984483334
18,0,0.371674,0.591863414
18,0,1.4004271,0.802251654
18,0,-0.81648815,0.306509636
18,0,2.0757027,0.888519083
18,0,2.5239592,0.925804473
18,0,7.985575,0.999659779
18,0,-2.024356,0.116669322
18,0,5.2465463,0.994761909
18,0,3.2982216,0.964367751
18,0,7.3698125,0.99937041
18,0,3.6736298,0.975244241
18,0,3.3816147,0.967124982
18,0,9.184178,0.99989736
18,0,11.015735,0.999983559
18,0,8.284341,0.999747625
18,0,14.288236,0.999999377
18,0,5.717763,0.996723714
18,0,0.6962974,0.667366347
18,0,6.228528,0.998031529
18,0,0.68915087,0.665778007
18,0,1.7436502,0.851150115
18,0,4.8150277,0.991958197
18,0,10.687081,0.999977162
18,0,5.5203166,0.996011393
18,0,5.5720506,0.996211731
18,0,-2.9328742,0.050552195
18,0,-3.6776128,0.024659779
18,0,-5.993128,0.002489631
18,0,-6.15085,0.002127135
18,0,0.95531195,0.722182198
18,0,2.6204004,0.93216303
18,0,-4.9473414,0.007052179
18,0,-5.3919034,0.00453266
18,0,2.1298866,0.893774242
19,0,9.015969,0.99987856
19,0,9.479222,0.999923582
19,0,-2.4541616,0.079134752
19,0,-0.03990352,0.490025443
19,0,-21.398724,5.09E-10
19,0,-21.748508,3.59E-10
19,0,-18.304813,1.12E-08
19,0,-8.942585,0.000130686
19,0,0.007688478,0.50192211
19,0,7.793778,0.999587878
19,0,9.707421,0.999939173
19,0,-8.6796255,0.000169986
19,0,-4.8547196,0.007731279
19,0,-10.893315,1.86E-05
19,0,-7.708155,0.000448948
19,0,-6.1802216,0.002065693
19,0,-34.077873,1.59E-15
19,0,-29.613773,1.38E-13
19,0,-42.148666,4.96E-19
19,0,-34.2145,1.38E-15
19,0,-19.018696,5.50E-09
19,0,-19.314264,4.09E-09
19,0,-6.3107495,0.001813377
20,0,-17.246683,3.23E-08
20,0,-27.469334,1.18E-12
20,0,-18.089256,1.39E-08
20,0,-22.685015,1.41E-10
20,0,-13.303886,1.67E-06
20,0,-7.059355,0.000858594
20,0,-17.068922,3.86E-08
20,0,-21.72181,3.68E-10
20,0,-26.526548,3.02E-12
20,0,-28.094557,6.29E-13
20,0,-23.227648,8.17E-11
20,0,-10.53607,2.66E-05
20,0,-9.804583,5.52E-05
20,0,-0.7471884,0.321434243
20,0,0.98037165,0.727181954
20,0,-0.40020853,0.401262239
20,0,-15.076035,2.84E-07
20,0,-26.174994,4.29E-12
20,0,-21.166002,6.42E-10
20,0,-20.490372,1.26E-09
20,0,-8.9671135,0.00012752
20,0,-4.379912,0.01237149
20,0,-9.949179,4.78E-05
20,0,-22.847063,1.20E-10
20,0,-2.9518642,0.049648478
20,0,4.045688,0.982803241
20,0,0.2209639,0.555017305
20,0,2.5994046,0.930823251
20,0,0.19092599,0.547587029
20,0,-16.463728,7.08E-08
20,0,-4.4682918,0.011336888
20,0,-32.133648,1.11E-14
20,0,-19.566065,3.18E-09
20,0,-10.036207,4.38E-05
20,0,-6.498655,0.0015032
20,0,-9.452471,7.85E-05
20,0,-5.5374265,0.003921208
20,0,-8.011816,0.000331412
20,0,2.3619483,0.913879268
20,0,5.6935506,0.996643688
20,0,15.16386,0.99999974
20,0,-4.234221,0.014284102
20,0,-1.318809,0.211016513
20,0,8.850066,0.999856648
20,0,-8.867688,0.000140848
20,0,2.699873,0.93701915
20,0,2.137627,0.894506894
20,0,0.15224636,0.537988241
20,0,8.829247,0.999853633
20,0,7.061074,0.999142879
20,0,12.422724,0.999995974
20,0,3.8839536,0.979845229
20,0,-1.3811715,0.200820918
20,0,-7.106369,0.000819195
20,0,-7.0734935,0.000846551
20,0,-4.7875013,0.008264384
20,0,5.795843,0.996969048
20,0,2.701267,0.937101365
20,0,1.9528818,0.875760533
20,0,9.836146,0.99994652
20,0,8.4313965,0.999782131
20,0,6.090361,0.997740526
20,0,1.9517543,0.875637804
20,0,-1.9777105,0.121563112
20,0,-10.0312,4.40E-05
20,0,-18.571747,8.60E-09
20,0,-13.902545,9.17E-07
20,0,-26.101974,4.61E-12
20,0,-23.039642,9.86E-11
20,0,-18.636292,8.06E-09
20,0,-19.250452,4.36E-09
20,0,-9.809621,5.49E-05
20,0,-10.755581,2.13E-05
20,0,-29.825539,1.11E-13
20,0,-2.9307308,0.05065517
20,0,-19.163506,4.76E-09
20,0,-8.937691,0.000131327
20,0,-4.669895,0.009286212
20,0,-5.649305,0.003507616
20,0,2.2309031,0.902990498
20,0,4.901009,0.992615858
20,0,-0.024645567,0.49383892
21,1,2.4222212,0.918506162
21,1,-8.2179575,0.000269693
21,1,2.2815983,0.907341508
21,1,-1.1840291,0.234328527
21,1,-5.0822463,0.006167677
21,1,-5.948879,0.002601975
21,1,-9.233614,9.77E-05
21,1,-5.6041174,0.003669157
21,1,-14.209929,6.74E-07
21,1,-0.15639389,0.460981026
21,1,-10.147133,3.92E-05
21,1,-3.5836394,0.027023859
21,1,6.978389,0.999069064
21,1,5.6867332,0.996620806
21,1,5.0995717,0.993937618
21,1,-4.444308,0.011608882
21,1,-4.0105667,0.017800521
21,1,-19.895447,2.29E-09
21,1,-4.6760573,0.00922969
21,1,-10.174568,3.81E-05
21,1,-6.2352614,0.001955286
21,1,-13.837716,9.78E-07
21,1,-8.339059,0.00023894
21,1,-16.626616,6.01E-08
21,1,3.5808601,0.972902967
21,1,-9.13976,0.000107302
21,1,-1.5611067,0.1734879
21,1,-8.039486,0.000322371
21,1,-3.3790379,0.032957044
21,1,-5.0930543,0.00610178
21,1,-8.397448,0.000225391
21,1,-4.6091566,0.009861988
21,1,4.4489226,0.988443947
21,1,-2.4252582,0.0812668
21,1,-6.6479025,0.00129506
21,1,-0.047831506,0.488044403
21,1,-14.157577,7.10E-07
21,1,9.873285,0.999948469
21,1,-2.37262,0.085284528
21,1,12.295554,0.999995428
21,1,1.2450421,0.776440445
21,1,7.6167283,0.999508093
21,1,4.8965154,0.992582849
21,1,-0.5235617,0.372019767
21,1,8.058873,0.999683817
21,1,-7.304087,0.000672331
21,1,-5.4831233,0.004139124
21,1,-9.528934,7.27E-05
21,1,-11.421845,1.10E-05
21,1,-2.20815,0.099021
21,1,-0.9891757,0.271074923
21,1,7.171678,0.999232557
21,1,13.179833,0.999998112
21,1,3.7865744,0.977829536
21,1,5.7331767,0.996773664
21,1,7.8122168,0.999595404
21,1,6.863051,0.998955374
21,1,10.347081,0.999967915
21,1,-0.113855556,0.47156682
21,1,8.807916,0.999850478
21,1,0.9644991,0.724021695
21,1,-0.37576884,0.407147805
21,1,-3.7181904,0.023702417
21,1,-9.881623,5.11E-05
21,1,-12.118797,5.46E-06
21,1,-3.3112838,0.035186111
21,1,-2.1360993,0.105637354
21,1,1.097557,0.749802081
21,1,4.6308846,0.990347936
21,1,4.43681,0.988304769
21,1,-5.3036923,0.004948587
21,1,3.127721,0.958021836
21,1,-13.810637,1.00E-06
21,1,0.3267293,0.580963353
21,1,-15.715344,1.50E-07
21,1,-9.123664,0.000109042
21,1,-4.665077,0.009330642
22,1,1.5813594,0.829396956
22,1,8.407906,0.999776953
22,1,5.042669,0.993584926
22,1,7.1201763,0.999192029
22,1,-2.9206774,0.05114082
22,1,6.2433195,0.998060376
22,1,5.089071,0.993874016
22,1,5.757481,0.996850889
22,1,4.2529974,0.985977874
22,1,5.6817794,0.996604082
22,1,5.802548,0.996989242
22,1,7.030545,0.999116332
22,1,3.0413852,0.95440914
22,1,8.176031,0.999718763
22,1,-6.9708943,0.000937932
22,1,6.0094314,0.997550531
22,1,2.6075513,0.93134599
22,1,0.31677538,0.578538187
22,1,3.0517025,0.954855971
22,1,6.729611,0.998806429
22,1,1.8243037,0.861081736
22,1,7.074427,0.999154238
22,1,7.074427,0.999154238
22,1,7.074427,0.999154238
22,1,7.074427,0.999154238
22,1,6.8353558,0.99892607
22,1,6.0597486,0.997670452
22,1,6.7919683,0.998878502
22,1,2.357907,0.913560669
22,1,3.405996,0.967891401
22,1,-3.3421931,0.034151743
22,1,1.9741335,0.878054399
22,1,-1.7913153,0.14291154
22,1,2.2627072,0.90574101
22,1,6.6770287,0.99874207
22,1,5.6857314,0.996617431
22,1,7.074427,0.999154238
22,1,7.074427,0.999154238
22,1,7.074427,0.999154238
22,1,7.074427,0.999154238
22,1,7.074427,0.999154238
22,1,7.7427335,0.999566304
22,1,6.7374134,0.998815694
22,1,8.194723,0.999723969
22,1,7.219718,0.999268527
22,1,7.074427,0.999154238
22,1,7.074427,0.999154238
22,1,7.074427,0.999154238
23,1,-4.99649,0.006716226
23,1,-10.891233,1.86E-05
23,1,-0.05527892,0.486183788
23,1,-9.71186,6.06E-05
23,1,-2.6893883,0.06360244
23,1,-16.006344,1.12E-07
23,1,-8.461943,0.000211316
23,1,-10.456155,2.88E-05
23,1,-7.775184,0.000419854
23,1,-7.7275705,0.000440319
23,1,-11.553878,9.60E-06
23,1,-10.146919,3.92E-05
23,1,-9.585255,6.87E-05
23,1,-5.405156,0.004473253
23,1,-0.9954987,0.269827351
23,1,-4.2321258,0.014313633
23,1,-6.80248,0.001109783
23,1,-12.462449,3.87E-06
24,1,-18.672752,7.77E-09
24,1,-24.553501,2.17E-11
24,1,-19.681808,2.83E-09
24,1,-18.252323,1.18E-08
24,1,-17.6355,2.19E-08
24,1,-15.694672,1.53E-07
24,1,-22.574703,1.57E-10
24,1,-18.828224,6.65E-09
24,1,-16.634235,5.97E-08
24,1,-16.772503,5.20E-08
24,1,-9.158542,0.000105305
24,1,-10.849384,1.94E-05
24,1,-8.847371,0.000143739
24,1,-8.317925,0.000244042
24,1,-10.524018,2.69E-05
24,1,-2.693875,0.063335747
24,1,-11.887083,6.88E-06
24,1,-0.97340554,0.274202227
24,1,-8.71519,0.000164048
24,1,-7.5182858,0.000542768
24,1,0.22487967,0.555984185
24,1,-1.6485338,0.161307209
24,1,-7.9096794,0.000367038
24,1,-10.933541,1.78E-05
24,1,-4.2901974,0.013517007
24,1,-5.688083,0.003374651
24,1,5.3750362,0.995390594
24,1,1.1040454,0.751017324
24,1,1.2617409,0.779325648
24,1,2.0893693,0.889865629
24,1,-1.9965494,0.119565689
24,1,-7.2236686,0.000728591
24,1,-5.0731306,0.006223805
24,1,-3.6207826,0.026064202
24,1,-7.6795344,0.000461977
24,1,6.45108,0.998423673
24,1,-1.30619,0.213125093
24,1,-6.213341,0.001998534
24,1,-10.537335,2.65E-05
24,1,-14.524249,4.92E-07
24,1,-9.401122,8.26E-05
24,1,-8.402168,0.00022433
24,1,-4.780628,0.008320909
24,1,-4.3368034,0.012909434
24,1,4.6707034,0.990721223
24,1,2.6523833,0.934157732
25,0,2.3259156,0.911000736
25,0,-0.7756574,0.31525657
25,0,-6.3959913,0.001665453
25,0,-6.330881,0.0017773
25,0,-3.6918073,0.024320672
25,0,1.3255926,0.790110665
25,0,3.5688412,0.972584308
25,0,3.7521548,0.977070954
25,0,-0.40890405,0.399174938
25,0,-3.3317254,0.034498714
25,0,-6.194355,0.002036762
25,0,-0.91931427,0.285097637
25,0,0.38747844,0.595675538
25,0,2.2062798,0.900812023
25,0,2.205698,0.900760027
25,0,-7.9544315,0.00035098
25,0,3.1058931,0.957135176
25,0,-1.1390923,0.242487055
25,0,-0.36741397,0.409166045
25,0,-12.655142,3.19E-06
25,0,-6.045879,0.002362007
25,0,-10.513718,2.72E-05
25,0,-22.124054,2.46E-10
25,0,-12.4666195,3.85E-06
25,0,-23.662775,5.29E-11
25,0,-4.328331,0.013017843
25,0,-15.98826,1.14E-07
25,0,-5.150084,0.005765484
25,0,-3.2528608,0.037224224
25,0,-7.2912073,0.000681041
25,0,-12.232818,4.87E-06
25,0,-20.735592,9.88E-10
25,0,-26.3158,3.73E-12
25,0,-19.917747,2.24E-09
25,0,-16.591742,6.23E-08
25,0,-10.714714,2.22E-05
25,0,-13.6447735,1.19E-06
25,0,-5.9071565,0.002712532
25,0,-12.791146,2.79E-06
25,0,-5.1082344,0.006010406
25,0,-12.270445,4.69E-06
25,0,-2.7828662,0.058257107
25,0,-7.4949427,0.00055558
25,0,-3.5754867,0.027239052
25,0,-3.2529807,0.037219928
25,0,-6.860019,0.001047795
25,0,-4.767622,0.00842892
25,0,-3.3804848,0.032910961
25,0,-1.1828233,0.234544939
25,0,4.546158,0.989503464
25,0,-5.6871033,0.003377948
25,0,0.9133319,0.713681488
25,0,0.13896343,0.534685059
25,0,-1.8611736,0.134566318
25,0,-0.4895523,0.37999904
25,0,-0.00559289,0.498601781
25,0,11.437937,0.999989221
25,0,7.1903224,0.999246722
25,0,2.4494529,0.920521433
25,0,-0.98244274,0.27240736
25,0,0.117847726,0.529427881
25,0,-0.15066549,0.462404719
25,0,0.067641675,0.516903974
25,0,0.8545127,0.701512927
25,0,-0.8590462,0.29753866
25,0,1.0276437,0.736458823
25,0,-0.02053333,0.494866848
25,0,0.7327656,0.675411871
25,0,-0.7427469,0.322403765
25,0,0.5395064,0.631697586
25,0,0.52187705,0.627586579
25,0,0.75602883,0.68049093
25,0,0.5094337,0.624673711
25,0,5.1535263,0.994254215
25,0,-0.84248453,0.301011771
25,0,3.7912729,0.977931166
25,0,-2.498626,0.075954559
25,0,-6.178865,0.002068492
25,0,-2.756512,0.059719929
25,0,-2.839822,0.055209822
25,0,-0.7263209,0.326002599
25,0,-0.26263455,0.434716188
25,0,-6.7597027,0.001158231
25,0,-2.3716705,0.085358629
25,0,-6.3182793,0.001799798
25,0,-1.8684869,0.133716898
25,0,-4.4814653,0.011190181
25,0,-7.300116,0.000675004
25,0,-10.927198,1.80E-05
25,0,-9.678698,6.26E-05
25,0,-15.510397,1.84E-07
25,0,-10.842018,1.96E-05
25,0,-4.5326977,0.010637264
25,0,-3.7944694,0.021999953
25,0,-10.918999,1.81E-05
25,0,-8.659082,0.000173513
25,0,-9.655361,6.41E-05
25,0,-8.192065,0.000276765
25,0,-9.862249,5.21E-05
25,0,-11.854767,7.10E-06
25,0,-4.446415,0.011584731
25,0,-9.562983,7.03E-05
25,0,-6.2052374,0.002014762
25,0,-4.5297236,0.01066861
26,0,-7.4388,0.000587645
26,0,-4.3640256,0.012567108
26,0,-16.359219,7.86E-08
26,0,-6.1548724,0.002118614
26,0,-15.38377,2.08E-07
26,0,-0.15276852,0.461881975
26,0,-1.4953594,0.183118673
26,0,2.3536932,0.913227335
26,0,-1.8904326,0.131195153
26,0,-8.768348,0.000155556
26,0,-17.890429,1.70E-08
26,0,-30.25178,7.27E-14
26,0,-23.185669,8.52E-11
26,0,-21.702887,3.75E-10
26,0,-11.206983,1.36E-05
26,0,-8.454885,0.000212813
26,0,-2.0378392,0.115286942
26,0,-1.2586697,0.221202981
26,0,-11.494509,1.02E-05
26,0,-9.929535,4.87E-05
26,0,-13.405496,1.51E-06
26,0,-2.45921,0.078767643
27,0,-1.4682794,0.187204278
27,0,-9.183384,0.000102722
27,0,-2.4916847,0.076443173
27,0,-5.55316,0.003860233
27,0,1.1632816,0.761928487
27,0,-3.552704,0.027849273
27,0,6.1968145,0.997968231
27,0,-1.9848976,0.120797718
27,0,-2.9716403,0.048723639
27,0,2.1278205,0.893577923
27,0,-8.41847,0.000220703
27,0,-2.394175,0.083617962
27,0,-6.3566704,0.001732129
27,0,-4.84909,0.007774587
27,0,-9.31032,9.05E-05
27,0,-5.2590027,0.005173583
27,0,-11.149691,1.44E-05
27,0,-12.343952,4.36E-06
27,0,-8.317343,0.000244184
27,0,-15.790871,1.39E-07
28,0,-14.560531,4.75E-07
28,0,-9.944868,4.80E-05
28,0,-12.861695,2.60E-06
28,0,-14.880097,3.45E-07
28,0,-18.543423,8.84E-09
28,0,-16.439692,7.25E-08
28,0,-23.661623,5.30E-11
28,0,-15.863973,1.29E-07
28,0,-17.601103,2.27E-08
28,0,-6.516176,0.00147713
28,0,-19.645792,2.94E-09
28,0,6.3885026,0.998322049
28,0,-0.6100183,0.352055023
28,0,3.6240232,0.974017934
28,0,2.4179635,0.918186893
28,0,-1.9197905,0.12788493
28,0,0.66824037,0.661109037
28,0,5.7334914,0.996774676
28,0,2.9580505,0.950642601
28,0,2.5439804,0.92716807
28,0,8.141303,0.999708827
28,0,-2.8530772,0.054522471
28,0,-5.608298,0.003653906
28,0,-9.783742,5.64E-05
28,0,-3.0694005,0.04438725
28,0,-0.036493436,0.490877653
28,0,2.070641,0.88801672
28,0,3.65604,0.974816003
28,0,3.750851,0.977041727
28,0,3.5278122,0.971468835
28,0,6.6706705,0.998734056
28,0,7.69316,0.999544273
28,0,4.8771477,0.992438892
28,0,-0.1638899,0.459118989
28,0,-7.4703526,0.000569403
28,0,-3.4696434,0.03018842
28,0,-6.375821,0.001699329
28,0,-2.8868592,0.052806996
28,0,-3.8103173,0.021661541
28,0,-0.6533638,0.342231914
28,0,-1.3837829,0.200402137
28,0,-1.2780088,0.21788936
28,0,-0.5995551,0.354445486
28,0,-3.9203427,0.019448548
28,0,0.48904324,0.619881018
28,0,-0.13285409,0.466835244
28,0,-2.7988436,0.057386698
28,0,1.896875,0.869537428
28,0,-2.3195274,0.089518571
28,0,1.5551507,0.825656408
28,0,-4.527131,0.010696009
28,0,0.18013355,0.544912011
28,0,0.7212247,0.672876647
28,0,1.7009295,0.845656094
28,0,-0.69409424,0.333122909
28,0,1.6264699,0.835685476
28,0,-3.8053584,0.021766881
28,0,-7.8688498,0.000382328
28,0,-1.942107,0.125416563
28,0,-4.2616005,0.01390368
28,0,-1.4128551,0.195784123
28,0,-6.6490617,0.001293561
28,0,-6.1168213,0.002200602
28,0,-8.617223,0.000180929
28,0,-7.7879224,0.000414542
28,0,-2.0389035,0.115178432
28,0,0.560089,0.636473133
28,0,-4.184289,0.015004469
28,0,1.8804213,0.86765951
28,0,-5.8608184,0.002840818
28,0,-1.8115393,0.14045219
28,0,1.6674856,0.841240298
28,0,-3.691026,0.024339218
28,0,4.36698,0.987469501
28,0,-3.3957894,0.032427316
28,0,4.4292345,0.988216884
28,0,-0.29742742,0.426186492
28,0,-3.2143466,0.03862939
28,0,-4.662235,0.009356949
28,0,-7.7727375,0.000420882
28,0,-7.910454,0.000366753
28,0,-8.230018,0.000266461
28,0,-8.527712,0.000197868
29,1,1.1570922,0.760803951
29,1,4.9928846,0.993259679
29,1,6.9943857,0.999083824
29,1,9.927969,0.999951212
29,1,29.525995,1
29,1,-1.810797,0.140541829
29,1,6.48353,0.998473927
29,1,-9.667245,6.33E-05
29,1,-18.535719,8.91E-09
29,1,-14.550946,4.79E-07
29,1,-11.496068,1.02E-05
29,1,-7.656892,0.000472551
29,1,2.50232,0.924304301
29,1,5.7930512,0.9969606
29,1,3.679199,0.975378343
29,1,0.47897002,0.617504631
29,1,-15.696007,1.53E-07
29,1,6.2576356,0.998087893
29,1,5.82853,0.997066233
29,1,8.591806,0.999814414
29,1,6.623784,0.998673368
29,1,-14.327796,5.99E-07
29,1,1.0373352,0.738335504
29,1,4.565107,0.989698461
29,1,-8.836595,0.000145296
29,1,-11.207384,1.36E-05
29,1,-24.945255,1.47E-11
29,1,-27.26745,1.44E-12
29,1,-5.244807,0.005247162
29,1,-2.7798853,0.058420865
29,1,-5.646364,0.00351791
29,1,-13.092515,2.06E-06
29,1,-46.046234,1.01E-20
29,1,-40.113018,3.79E-18
29,1,-55.964725,4.95E-25
29,1,-26.406897,3.40E-12
29,1,-4.097111,0.016348894
29,1,7.2858925,0.999315333
29,1,6.2432246,0.998060192
29,1,0.9671848,0.724558013
29,1,-5.1014323,0.006051181
29,1,-3.8768408,0.020295719
29,1,-4.4538236,0.011500205
29,1,-6.017342,0.002430216
29,1,-0.25976557,0.435421337
29,1,0.061836034,0.515454085
29,1,-1.1807463,0.234918036
29,1,-1.1563646,0.239328484
29,1,0.16959152,0.542296553
29,1,0.6804066,0.66382944
29,1,-1.1587553,0.238893527
29,1,0.06638853,0.516591039
29,1,1.8884313,0.868576565
29,1,4.1006575,0.983708041
29,1,4.419756,0.988106001
29,1,4.665304,0.990671456
29,1,5.132151,0.994130803
29,1,5.8883286,0.997236055
29,1,2.4000053,0.916827708
29,1,4.69525,0.990944175
29,1,4.45651,0.988530294
29,1,5.214211,0.994590697
29,1,5.8588233,0.997153525
29,1,0.8596009,0.702577264
29,1,1.6320916,0.836455966
29,1,2.1731436,0.89781174
29,1,-1.1141255,0.247102568
29,1,6.3378606,0.99823504
29,1,2.339442,0.912091355
29,1,1.9387023,0.874209508
29,1,1.4071379,0.803314123
29,1,5.0940633,0.993904336
29,1,6.9206014,0.999013738
29,1,5.9004855,0.997269362
29,1,4.6598344,0.990620773
29,1,5.2316337,0.994683628
29,1,1.5345151,0.822665967
29,1,3.3527935,0.966196194
29,1,1.3089992,0.787345638
29,1,-0.74153924,0.322667646
29,1,-0.7680639,0.316898072
29,1,3.919419,0.980533829
29,1,4.3325953,0.987036833
31,0,-4.0731497,0.01673873
31,0,4.0004725,0.982022134
31,0,1.0491788,0.740617175
31,0,6.5044947,0.99850554
31,0,8.652445,0.999825331
31,0,3.3823416,0.967148086
31,0,0.011692046,0.502922978
31,0,1.8044064,0.858684477
31,0,-6.854116,0.001053992
31,0,4.473189,0.98871787
31,0,-6.3949165,0.001667241
31,0,-0.35030773,0.413307799
31,0,-0.823149,0.305095624
31,0,-0.110557206,0.472388817
31,0,-6.0150766,0.002435714
31,0,3.1990023,0.960796715
31,0,-6.0505505,0.002351024
31,0,2.2597609,0.905489171
31,0,0.84476733,0.69946832
31,0,-1.3935137,0.198847407
31,0,-1.9125592,0.128693612
31,0,-3.9955745,0.018064543
31,0,0.2293461,0.557086517
31,0,-1.9968426,0.119534828
31,0,-0.10919446,0.472728477
31,0,-1.891478,0.131076041
31,0,-1.1140869,0.247109749
31,0,-3.2594202,0.036989857
31,0,-2.7973998,0.057464848
31,0,-1.5294538,0.178073615
31,0,-2.2855966,0.09232289
31,0,1.6672012,0.841202312
31,0,-2.5460496,0.072692325
31,0,0.10395707,0.525965887
31,0,-9.692556,6.17E-05
31,0,-5.8501964,0.002871067
31,0,-3.4821534,0.029824308
31,0,1.0890841,0.748209212
31,0,1.6669555,0.841169488
31,0,-2.4479234,0.07959054
31,0,-9.169283,0.00010418
31,0,-6.4192038,0.001627301
31,0,0.09223962,0.523043569
31,0,0.67343986,0.662272973
31,0,7.907425,0.999632134
31,0,0.17914852,0.544667729
31,0,2.3163836,0.910224863
31,0,-0.47486433,0.38346557
31,0,-1.8277886,0.138501925
31,0,-4.658329,0.009393225
31,0,-3.1837943,0.039780147
31,0,3.801321,0.978146984
31,0,1.7112375,0.846996725
31,0,2.787534,0.941998456
31,0,-3.704757,0.024015271
31,0,-5.020868,0.006555538
31,0,-11.531704,9.81E-06
31,0,-5.2991905,0.004970804
31,0,-13.528022,1.33E-06
31,0,-8.41011,0.000222556
31,0,-4.706415,0.00895618
31,0,-1.6181616,0.165458564
31,0,-0.73896885,0.323229669
31,0,-3.688707,0.024394348
31,0,-8.125107,0.000295925
31,0,-2.6088479,0.068571151
31,0,-12.027178,5.98E-06
31,0,-9.717049,6.02E-05
31,0,-7.179866,0.00076119
31,0,-14.906228,3.36E-07
31,0,1.3273304,0.790398709
31,0,-4.279958,0.013654225
31,0,-1.0000473,0.268932122
31,0,1.9018437,0.870100054
31,0,-8.06753,0.000313459
31,0,-0.5183754,0.373232198
31,0,-8.75231,0.000158071
31,0,-3.006132,0.047149617
31,0,-0.51673245,0.373616613
31,0,3.4868667,0.970311768
31,0,-4.923278,0.007222697
32,0,5.5047407,0.995949034
32,0,4.639973,0.990434426
32,0,1.7068425,0.846426293
32,0,4.541224,0.989452094
32,0,-5.2208157,0.005373885
32,0,10.610303,0.99997534
32,0,-5.469792,0.004194441
32,0,0.5564103,0.635621547
32,0,-19.06625,5.24E-09
32,0,-4.234742,0.014276768
32,0,-12.163032,5.22E-06
32,0,3.5235848,0.97135143
32,0,-8.33561,0.000239765
32,0,-2.4774947,0.077451022
32,0,-8.280004,0.000253472
32,0,-12.562646,3.50E-06
32,0,-15.984284,1.14E-07
32,0,-7.8880625,0.000375055
32,0,-12.979298,2.31E-06
32,0,-7.8092437,0.0004058
32,0,-18.284786,1.15E-08
32,0,-19.630203,2.98E-09
32,0,-22.753555,1.31E-10
32,0,-14.101838,7.51E-07
32,0,-17.394157,2.79E-08
32,0,-14.735597,3.98E-07
32,0,-13.798573,1.02E-06
33,0,-4.6561337,0.009413674
33,0,5.571868,0.996211042
33,0,3.3661857,0.966630877
33,0,5.2460146,0.994759138
33,0,1.4553205,0.810815914
33,0,7.193097,0.999248807
33,0,-1.9338886,0.126320795
33,0,-9.045681,0.000117885
33,0,1.6637628,0.840742468
33,0,7.5444555,0.999471244
33,0,-5.014578,0.006596629
33,0,4.2376437,0.98576401
33,0,-6.730343,0.001192699
33,0,-1.9544617,0.12406767
33,0,0.13085403,0.532666908
33,0,11.300583,0.999987634
33,0,6.3656607,0.998283347
33,0,14.891163,0.999999659
33,0,10.248364,0.999964586
33,0,9.475115,0.999923268
33,0,-2.7055125,0.062648859
33,0,9.099988,0.999888345
33,0,7.3175807,0.999336674
33,0,5.434519,0.995655623
33,0,5.549712,0.996126485
33,0,6.754583,0.998835831
33,0,-0.44337976,0.390935935
33,0,6.777453,0.998862124
33,0,0.83994,0.698452579
33,0,3.8910654,0.979985199
33,0,2.7742789,0.941269975
33,0,-2.4180372,0.08180757
33,0,4.9586797,0.993026774
33,0,-0.9775554,0.273377115
33,0,5.9175797,0.997315519
33,0,-2.4700341,0.077985783
33,0,6.0385904,0.997620756
33,0,0.84237415,0.698965004
33,0,9.126374,0.999891253
33,0,8.628783,0.99982115
33,0,11.142908,0.999985523
33,0,1.0849653,0.74743247
33,0,8.866403,0.999858971
33,0,0.28010285,0.569571439
33,0,2.0550745,0.886459365
33,0,6.171501,0.997916252
33,0,7.8214493,0.999599121
33,0,6.005661,0.9975413
33,0,6.7494783,0.99882988
33,0,5.9376907,0.997368827
33,0,4.4259496,0.988178572
33,0,7.259616,0.999297116
33,0,0.360375,0.589131208
33,0,1.4534701,0.810531911
33,0,-10.279865,3.43E-05
33,0,-5.973423,0.00253905
33,0,-8.083063,0.000308629
33,0,-1.9049295,0.129551569
33,0,7.4052024,0.999392289
33,0,6.5042877,0.998505231
33,0,10.239887,0.999964284
33,0,9.554091,0.999929094
33,0,3.7531993,0.977094343
33,0,9.403299,0.999917555
33,0,-0.42042363,0.396415384
33,0,4.309522,0.986738265
33,0,1.0684274,0.744297736
33,0,3.6517947,0.974711572
33,0,2.0473504,0.885679617
33,0,2.0483758,0.885783399
33,0,1.3485695,0.793895661
33,0,4.682547,0.990829467
33,0,3.2718422,0.963450098
33,0,4.591239,0.989961506
33,0,8.954855,0.999870908
33,0,4.463752,0.988612115
33,0,7.194336,0.999249737
33,0,6.3449707,0.998247522
33,0,4.1210995,0.984032437
33,0,9.298242,0.999908423
33,0,2.4444134,0.920151953
33,0,4.878565,0.99244952
33,0,3.2043474,0.96099755
33,0,3.352143,0.966174941
33,0,1.9076611,0.870756157
34,0,-25.786343,6.33E-12
34,0,-28.490744,4.23E-13
34,0,-24.46786,2.36E-11
34,0,-22.621754,1.50E-10
34,0,-30.943605,3.64E-14
34,0,-5.2888036,0.005022444
34,0,-11.477154,1.04E-05
34,0,-14.4636345,5.23E-07
34,0,-18.160238,1.30E-08
34,0,-28.870907,2.89E-13
34,0,-35.725376,3.05E-16
34,0,-27.21754,1.51E-12
34,0,-20.354578,1.45E-09
34,0,-12.593646,3.39E-06
34,0,-18.49543,9.28E-09
34,0,-15.9651575,1.17E-07
34,0,-14.168956,7.02E-07
35,0,-7.187578,0.000755347
35,0,-8.874191,0.000139935
35,0,-8.502385,0.000202942
35,0,-2.6252716,0.067529587
35,0,-1.5086583,0.181137718
35,0,-2.2152367,0.098390548
35,0,-4.1226673,0.015942948
35,0,-2.7806573,0.058378413
35,0,-4.013622,0.017747182
35,0,-5.1309085,0.005876451
35,0,-1.9645914,0.122971011
35,0,-5.407788,0.004461548
35,0,-5.603116,0.00367282
35,0,-3.153784,0.040942437
35,0,-8.044012,0.000320915
35,0,-5.471565,0.004187042
35,0,-0.16224064,0.459528575
35,0,-10.088676,4.15E-05
35,0,0.13522492,0.53375481
35,0,-10.824316,1.99E-05
35,0,1.5113088,0.81925509
35,0,-16.296148,8.37E-08
35,0,-5.376393,0.004603185
35,0,-7.931584,0.000359088
35,0,-5.2845135,0.005043928
35,0,-6.487154,0.001520561
35,0,-2.4755754,0.077588272
35,0,-6.6742496,0.001261427
35,0,1.1396263,0.757611021
35,0,-4.902687,0.007371853
35,0,-2.7768297,0.058589174
35,0,-9.62818,6.58E-05
35,0,-7.42638,0.000594985
35,0,-12.833779,2.67E-06
35,0,-17.527893,2.44E-08
35,0,-13.175215,1.90E-06
35,0,-9.69116,6.18E-05
35,0,-2.4713802,0.077889048
35,0,-9.541723,7.18E-05
35,0,-4.924395,0.007214692
35,0,-5.6105127,0.003645852
35,0,-5.3916225,0.004533927
35,0,-2.4464457,0.079698857
35,0,-8.221103,0.000268846
35,0,-13.212484,1.83E-06
35,0,-5.4354,0.004340568
35,0,-2.6558619,0.065628632
35,0,5.7598047,0.996858175
35,0,-6.2320566,0.00196155
35,0,-4.404977,0.012068948
35,0,-9.909887,4.97E-05
35,0,-7.474875,0.000566835
35,0,-4.218026,0.014513932
35,0,-6.823539,0.001086682
35,0,-5.8754687,0.002799618
35,0,-2.4044616,0.082833109
35,0,3.8645523,0.979458493
35,0,0.3315741,0.58214233
35,0,3.6723378,0.975213029
35,0,-3.427253,0.031454512
35,0,-3.7288616,0.02345673
35,0,-4.95265,0.007015103
35,0,-2.4760604,0.077553569
35,0,-10.172277,3.82E-05
35,0,-3.1064358,0.042842564
35,0,-1.4715003,0.186714683
35,0,-1.7469395,0.148433632
35,0,-0.036804207,0.490799987
35,0,-1.6624864,0.15942851
35,0,-4.8508525,0.007761002
35,0,-1.7059301,0.153692346
35,0,-9.368825,8.53E-05
35,0,-7.0800133,0.000841054
35,0,-2.7181706,0.061909627
35,0,-3.8206701,0.021443224
35,0,-4.7562923,0.008524141
35,0,-5.1909714,0.005535781
35,0,-4.9190106,0.007253361
36,1,-4.999052,0.006699156
36,1,-3.553398,0.02783049
36,1,-1.1482289,0.24081273
36,1,-8.056269,0.000317007
36,1,0.15651721,0.539049616
36,1,6.052715,0.997654047
36,1,-7.0423927,0.000873269
36,1,2.8488407,0.945258726
36,1,-5.182899,0.005580399
36,1,-5.879181,0.002789273
37,0,-15.925105,1.21E-07
37,0,-9.354767,8.65E-05
37,0,-7.1558924,0.000779645
37,0,-1.6686751,0.158600902
37,0,4.0880246,0.983504338
37,0,-3.680756,0.024584293
37,0,0.2962246,0.573519331
37,0,-7.269323,0.000696099
37,0,-0.30148327,0.425194926
37,0,2.013352,0.88219184
37,0,2.7246423,0.938465165
37,0,5.6367593,0.996448259
37,0,0.13818166,0.534490552
37,0,1.0946972,0.749265203
37,0,-0.058345385,0.48541779
37,0,-1.4696217,0.187000121
37,0,-3.035913,0.045829561
37,0,-0.040082008,0.489980839
37,0,-0.3736685,0.407654881
37,0,1.8621322,0.86554528
37,0,-0.69845074,0.332155808
37,0,1.100458,0.750345911
37,0,-0.5346215,0.369439643
37,0,-0.64618313,0.343850175
37,0,-0.1561113,0.461051244
37,0,3.7938352,0.977986397
37,0,4.102059,0.983730487
37,0,6.8910227,0.99898416
37,0,5.9142575,0.99730661
37,0,3.5479755,0.972022423
37,0,1.5424463,0.823820064
37,0,-4.243399,0.01415545
37,0,-4.38658,0.012290282
37,0,-5.0936704,0.006098045
37,0,-0.46428362,0.385970123
37,0,3.2727332,0.963481461
37,0,6.1362095,0.997841562
37,0,0.9998263,0.731024426
37,0,4.9411054,0.992904019
37,0,-9.390743,8.35E-05
37,0,-2.9601717,0.049257964
37,0,-2.9829044,0.048204198
37,0,-7.2982726,0.000676249
37,0,-4.1478252,0.01555302
37,0,-8.92528,0.000132967
37,0,-3.615666,0.026194401
37,0,2.3503485,0.912961924
37,0,1.9819466,0.878888518
37,0,6.851436,0.998943183
37,0,-2.8120046,0.056678907
37,0,-2.4582934,0.07883418
37,0,-8.871042,0.000140377
37,0,-3.8239574,0.021374354
37,0,-6.8052564,0.00110671
37,0,-3.3102732,0.035220435
37,0,0.39324903,0.597064592
37,0,-1.0311438,0.262862415
37,0,-0.15371178,0.461647539
37,0,-0.7011641,0.331554182
37,0,-0.98767495,0.271371563
37,0,-2.6085453,0.06859048
37,0,-3.6454268,0.025445865
37,0,-1.0872552,0.252135494
37,0,-3.876401,0.020304466
37,0,0.021520346,0.505379879
37,0,-3.2748818,0.036443016
37,0,-2.0839138,0.110670174
37,0,-3.0419226,0.045567482
37,0,-1.4950551,0.183164197
37,0,-1.7875639,0.143371656
37,0,-2.943314,0.050053464
37,0,-5.179279,0.005600523
37,0,-4.7315307,0.008735981
37,0,-10.16354,3.85E-05
37,0,-2.8322544,0.055605892
37,0,-6.160173,0.002107437
37,0,-3.4443078,0.030939067
37,0,-4.388081,0.012272074
37,0,-6.6229234,0.001327773
37,0,-10.017246,4.46E-05
37,0,-5.54407,0.003895345
37,0,-10.88521,1.87E-05
37,0,-10.035494,4.38E-05
37,0,-14.777292,3.82E-07
38,0,-5.184197,0.005573201
38,0,-21.354616,5.32E-10
38,0,-16.185705,9.35E-08
38,0,-28.403673,4.62E-13
38,0,-20.80112,9.25E-10
38,0,-14.210918,6.73E-07
39,0,-5.6372285,0.003550081
39,0,-0.67667794,0.337003155
39,0,-11.384587,1.14E-05
39,0,-12.44914,3.92E-06
39,0,-16.276258,8.54E-08
39,0,-20.659742,1.07E-09
39,0,-18.301552,1.13E-08
39,0,-14.641585,4.38E-07
39,0,-17.948221,1.60E-08
39,0,0.6525665,0.657588584
39,0,-1.9534451,0.124178191
39,0,-6.113465,0.002207984
39,0,-6.9198356,0.000987017
39,0,-28.475822,4.30E-13
39,0,-19.188875,4.64E-09
39,0,-13.5637045,1.29E-06
39,0,-10.210171,3.68E-05
40,0,1.4686239,0.812848136
40,0,-5.2590427,0.005173378
40,0,-2.2355032,0.096607286
40,0,-4.6422496,0.00954403
40,0,-5.9552264,0.002585554
40,0,-2.4192774,0.081714461
40,0,1.5555322,0.825711318
40,0,-3.5084243,0.029073482
40,0,2.5331004,0.926429948
40,0,0.14926635,0.537247456
40,0,-2.3058128,0.09064269
40,0,-0.7855962,0.313115032
40,0,-6.45297,0.001573356
40,0,-10.961675,1.74E-05
40,0,-1.9163104,0.12827357
40,0,-3.5879636,0.026910393
40,0,6.1936517,0.997961808
40,0,7.09195,0.999168917
40,0,1.816542,0.860150677
40,0,7.884272,0.999623521
40,0,3.9557607,0.981215512
40,0,4.8206596,0.992003
40,0,2.1253734,0.893344989
40,0,-3.6361368,0.025677261
40,0,-6.3868384,0.001680741
40,0,-8.022212,0.000327986
40,0,1.5863113,0.830096496
40,0,-1.8525492,0.135573869
40,0,-3.133832,0.04173309
40,0,1.2180682,0.77172341
40,0,-1.5646015,0.172987353
40,0,-0.27809942,0.43091979
40,0,-2.8927474,0.052513252
40,0,-1.2493533,0.222812106
40,0,-6.4954267,0.001508053
40,0,-6.0757847,0.002292574
40,0,-12.163128,5.22E-06
40,0,-6.706212,0.001221795
40,0,-7.3041606,0.000672282
40,0,-10.117516,4.04E-05
40,0,-1.9800218,0.121316514
40,0,-5.2735686,0.005099153
40,0,4.829446,0.992072402
40,0,6.371926,0.99829405
40,0,5.088042,0.993867747
40,0,5.4570546,0.99575202
40,0,0.32600534,0.580787098
40,0,8.187881,0.999722075
40,0,-3.5773633,0.027189371
40,0,2.1128182,0.892142812
40,0,-1.6004125,0.16792397
40,0,2.6836631,0.93605573
40,0,-8.508443,0.000201717
40,0,-5.686687,0.003379349
40,0,-11.652103,8.70E-06
40,0,-9.614016,6.68E-05
40,0,0.80669546,0.69140488
40,0,-0.5799346,0.358947642
40,0,2.0580585,0.886759356
40,0,-4.542924,0.010530178
40,0,1.6298894,0.836154487
40,0,1.6786947,0.842731611
40,0,-10.214614,3.66E-05
40,0,-2.9284425,0.050765326
40,0,-16.167494,9.52E-08
40,0,-6.11529,0.002203967
40,0,-4.6619186,0.009359882
40,0,-3.0188034,0.046583591
40,0,4.636398,0.990400496
40,0,-11.175163,1.40E-05
40,0,0.23715554,0.559012558
40,0,-1.3757542,0.20169176
40,0,-2.5800223,0.070435271
40,0,0.14288996,0.535661833
40,0,1.3958005,0.801516646
40,0,-1.0743377,0.254579049
40,0,3.286795,0.963973013
40,0,-10.308303,3.34E-05
40,0,-4.069626,0.016796823
40,0,-13.495573,1.38E-06
40,0,-12.435391,3.98E-06
40,0,-6.5163245,0.001476911
42,0,4.743484,0.991366925
42,0,-0.4172215,0.397181812
42,0,-1.5164902,0.179978937
42,0,1.5729291,0.828200774
42,0,-7.6824746,0.000460621
42,0,-5.793749,0.003037286
42,0,-7.3205657,0.00066135
42,0,-8.132112,0.00029386
42,0,-7.0833783,0.000838231
42,0,-2.2581012,0.094652959
42,0,-6.026364,0.002408442
42,0,-7.4515014,0.000580232
42,0,-4.6587825,0.009389006
42,0,-6.238008,0.001949934
42,0,-8.385957,0.000227995
42,0,-9.267531,9.44E-05
42,0,-11.573053,9.42E-06
42,0,-12.178357,5.14E-06
43,0,-6.357878,0.001730042
43,0,-7.275643,0.000691716
43,0,-7.951471,0.00035202
43,0,-8.610907,0.000182076
43,0,-10.164083,3.85E-05
43,0,-8.021571,0.000328196
43,0,-9.852305,5.26E-05
43,0,-9.644212,6.48E-05
43,0,-8.653498,0.000174485
43,0,-7.2891455,0.000682445
43,0,-4.0882597,0.016491848
43,0,-4.3436275,0.012822765
43,0,-6.710928,0.001216053
43,0,-8.844283,0.000144183
43,0,-9.214936,9.95E-05
43,0,-7.545401,0.000528256
44,0,-2.5404472,0.073070878
44,0,-4.814294,0.008047658
44,0,-8.122915,0.000296575
44,0,-4.1696386,0.015222538
44,0,-2.9977765,0.047526425
44,0,-0.81205916,0.307451875
44,0,0.14366746,0.535855214
44,0,0.7213706,0.672908761
44,0,1.4214278,0.805562153
44,0,1.0333087,0.737556853
44,0,0.7284116,0.674456612
44,0,0.62020993,0.650266292
44,0,2.9586844,0.950672336
44,0,0.58700544,0.64267776
44,0,2.316978,0.910273422
44,0,1.8468144,0.863752643
44,0,1.877191,0.867288146
44,0,1.3185238,0.788936
44,0,4.225436,0.985591675
44,0,2.7034154,0.937227878
44,0,3.1558614,0.959139057
44,0,4.332096,0.987030442
44,0,3.229361,0.961924356
44,0,-2.689795,0.063578222
44,0,5.278342,0.994925006
44,0,1.8769938,0.867265446
44,0,0.75677097,0.680652266
44,0,0.2272645,0.556572839
44,0,-0.9095756,0.28708669
44,0,1.1994592,0.768428564
44,0,1.6345543,0.836792577
44,0,1.4326534,0.80731441
44,0,1.0874122,0.747894109
44,0,1.5921401,0.830916987
44,0,0.3385914,0.583848317
44,0,0.5680075,0.638303289
44,0,0.08303447,0.520746699
44,0,0.50167036,0.622851792
44,0,1.2922467,0.784527224
44,0,0.022719324,0.505679587
44,0,-0.49430197,0.378880658
44,0,0.5881669,0.642944437
44,0,2.3124676,0.90990435
44,0,1.7357186,0.850142431
44,0,-1.0463046,0.25993535
44,0,-2.2579474,0.09466614
44,0,1.6104908,0.833479516
44,0,3.258358,0.962972287
44,0,2.5393867,0.92685726
44,0,1.7578722,0.852942968
44,0,1.488967,0.815923174
44,0,0.77096117,0.683728777
44,0,1.552693,0.825302344
44,0,1.8468144,0.863752643
44,0,1.4516995,0.810259851
44,0,-1.6383642,0.162687769
44,0,4.2320766,0.985685673
44,0,1.6680871,0.841320615
44,0,1.9691607,0.877520936
44,0,1.4891461,0.815950072
44,0,1.1297566,0.755793978
44,0,-0.59026206,0.356574728
44,0,2.2438817,0.904121475
44,0,-0.12629549,0.468468029
44,0,1.8856102,0.868254198
44,0,1.7149354,0.847475333
44,0,2.6198301,0.932126958
44,0,1.886823,0.868392866
44,0,1.8468144,0.863752643
44,0,1.1646149,0.762170255
44,0,1.5495844,0.824853698
44,0,1.751956,0.852199341
44,0,3.47122,0.969857704
44,0,4.1990533,0.985212182
44,0,3.243874,0.962452358
44,0,-1.8205181,0.139371717
44,0,-1.1224736,0.245552744
44,0,1.1286259,0.755585225
44,0,-6.9194436,0.000987404
44,0,-6.7468586,0.001173186
44,0,-8.191805,0.000276837
44,0,-10.510824,2.72E-05
44,0,-7.2043104,0.000742822
44,0,-5.9043846,0.002720041
44,0,0.9279758,0.716664439
44,0,-0.98683417,0.271537842
44,0,-2.1666698,0.102783736
44,0,-6.787998,0.001125954
44,0,2.0802178,0.888965533
45,0,-3.8334787,0.021176097
45,0,-4.2538614,0.014010186
45,0,-0.5331366,0.369785623
45,0,-15.452754,1.95E-07
45,0,-13.524908,1.34E-06
45,0,-13.157581,1.93E-06
45,0,-11.43545,1.08E-05
45,0,-10.412933,3.00E-05
45,0,-10.582487,2.54E-05
45,0,-21.747103,3.59E-10
45,0,-2.0273857,0.116357451
45,0,-23.398144,6.89E-11
45,0,-4.424991,0.011832631
45,0,-16.919806,4.49E-08
45,0,-9.924569,4.90E-05
45,0,-19.163277,4.76E-09
45,0,-12.246641,4.80E-06
45,0,-6.9417396,0.000965653
45,0,-12.442134,3.95E-06
45,0,-13.6528225,1.18E-06
45,0,-26.108223,4.59E-12
45,0,-27.216564,1.51E-12
45,0,-25.49736,8.45E-12
45,0,-1.0287237,0.263331616
45,0,-10.90846,1.83E-05
45,0,11.715548,0.999991834
45,0,-7.191734,0.000752216
45,0,-4.6199126,0.00975751
45,0,-7.3592944,0.000636242
45,0,-19.379833,3.83E-09
45,0,-10.192982,3.74E-05
45,0,-15.880457,1.27E-07
45,0,-9.428223,8.04E-05
45,0,-11.591557,9.24E-06
45,0,-16.207783,9.14E-08
46,0,-8.695359,0.000167333
46,0,-22.35443,1.96E-10
46,0,-25.634506,7.36E-12
46,0,-26.069582,4.77E-12
46,0,-19.058487,5.28E-09
46,0,-13.491297,1.38E-06
46,0,5.2527227,0.994793994
46,0,-8.677799,0.000170297
46,0,-5.672129,0.003428736
46,0,-10.957228,1.74E-05
46,0,-13.607659,1.23E-06
46,0,-27.32843,1.35E-12
46,0,-23.825672,4.49E-11
46,0,-30.816072,4.14E-14
46,0,-20.79136,9.34E-10
46,0,-19.579231,3.14E-09
46,0,-25.30993,1.02E-11
46,0,-19.594254,3.09E-09
46,0,-25.020119,1.36E-11
46,0,-18.76231,7.11E-09
46,0,-16.681038,5.70E-08
46,0,-16.185076,9.35E-08
46,0,-21.383034,5.17E-10
46,0,-19.47905,3.47E-09
46,0,-17.903168,1.68E-08
46,0,-15.023289,2.99E-07
46,0,-17.598753,2.27E-08
46,0,-8.150508,0.000288505
47,1,-14.159737,7.09E-07
47,1,-14.365953,5.77E-07
47,1,-12.461523,3.87E-06
47,1,-8.663853,0.000172688
47,1,-6.896023,0.001010779
47,1,-2.652831,0.065814737
47,1,-3.6609442,0.02506388
47,1,-0.9738744,0.274108926
47,1,1.9873329,0.879460685
47,1,3.3733344,0.966860695
47,1,5.5795894,0.996240076
47,1,7.7669625,0.999576682
47,1,3.094863,0.956680351
47,1,4.167217,0.984741118
47,1,12.219806,0.999995068
48,1,14.029042,0.999999192
48,1,2.1233287,0.893150014
48,1,-13.533015,1.33E-06
48,1,-1.1629859,0.238125155
48,1,-20.526615,1.22E-09
48,1,-15.273781,2.33E-07
48,1,-24.732042,1.82E-11
48,1,-8.555303,0.000192484
48,1,-9.317389,8.98E-05
48,1,-7.1093454,0.000816762
48,1,-18.93384,5.99E-09
48,1,-10.842277,1.96E-05
48,1,-21.563578,4.32E-10
48,1,-31.975443,1.30E-14
48,1,-23.094543,9.34E-11
48,1,-18.602945,8.33E-09
48,1,-18.348303,1.08E-08
49,0,-8.812706,0.000148808
49,0,-1.2484918,0.222961325
49,0,6.59194,0.998630501
49,0,4.678588,0.990793424
49,0,-5.4204626,0.004405604
49,0,-7.582369,0.000509094
49,0,-4.496479,0.011025269
49,0,-1.895318,0.130639303
49,0,-6.0424404,0.002370123
49,0,-1.1854043,0.23408188
49,0,-14.461841,5.24E-07
49,0,-14.320802,6.03E-07
49,0,4.0073576,0.982143285
49,0,3.2389624,0.96227446
49,0,1.0449637,0.739806619
49,0,-1.5044152,0.181767936
49,0,1.8010923,0.858281848
49,0,-5.547839,0.003880748
49,0,-20.909252,8.30E-10
49,0,-7.3484497,0.000643175
49,0,-20.89607,8.41E-10
49,0,1.1133392,0.752751117
49,0,0.53705734,0.631127615
50,0,-19.825958,2.45E-09
50,0,-26.079056,4.72E-12
50,0,-19.347,3.96E-09
50,0,-18.638872,8.04E-09
50,0,-10.040154,4.36E-05
50,0,-14.386379,5.65E-07
50,0,-17.752525,1.95E-08
50,0,-19.168337,4.73E-09
50,0,-19.647232,2.93E-09
50,0,-9.763421,5.75E-05
50,0,-2.3332686,0.088404894
50,0,-7.3706355,0.000629072
50,0,-9.295545,9.18E-05
50,0,-13.799687,1.02E-06
50,0,-22.740685,1.33E-10
50,0,-10.2469845,3.55E-05
50,0,-20.15757,1.76E-09
50,0,-16.215796,9.07E-08
50,0,-19.85733,2.38E-09
50,0,-23.036343,9.90E-11
50,0,-18.225826,1.22E-08
50,0,-14.512118,4.98E-07
51,1,-12.658768,3.18E-06
51,1,-6.6166906,0.001336064
51,1,-2.1036403,0.108743506
51,1,-9.090052,0.000112769
51,1,0.28031594,0.569623679
51,1,-17.72501,2.01E-08
51,1,-12.144321,5.32E-06
51,1,-11.870045,7.00E-06
51,1,-10.162195,3.86E-05
51,1,-14.168757,7.02E-07
51,1,-7.195851,0.000749128
51,1,-3.9971397,0.0180368
51,1,-4.0582733,0.016985342
51,1,-8.737501,0.000160429
51,1,-13.526743,1.33E-06
53,0,-7.360629,0.000635394
53,0,0.6848433,0.664818813
53,0,-2.885369,0.052881583
53,0,0.81960547,0.694152586
53,0,0.707186,0.669779071
53,0,-5.193421,0.005522312
53,0,-5.9332356,0.002642891
53,0,-3.2473586,0.037421918
53,0,-2.3328478,0.088438812
53,0,5.7851653,0.996936611
53,0,-0.59419715,0.355672414
53,0,7.9732804,0.999655572
53,0,-2.4966898,0.076090563
53,0,4.8247557,0.992035429
53,0,-0.47987756,0.382281038
53,0,-1.7898617,0.14308968
53,0,-2.9017038,0.052069402
53,0,-0.000767373,0.499808157
53,0,2.4137099,0.917866795
53,0,-4.143587,0.015618045
53,0,2.220504,0.902075726
53,0,4.163165,0.984680112
53,0,-1.3697835,0.202654828
53,0,3.424103,0.968449381
53,0,3.1933706,0.960584038
53,0,6.254587,0.998082066
53,0,5.011306,0.993381894
53,0,-1.9323,0.126496223
53,0,-3.4399774,0.031069164
53,0,-12.220963,4.93E-06
53,0,-2.3525932,0.086859872
53,0,23.58971,1
53,0,24.993328,1
53,0,33.644382,1
53,0,33.818066,1
53,0,17.132671,0.999999964
53,0,5.9490867,0.997398564
53,0,4.202396,0.985260803
53,0,2.1866481,0.899044082
53,0,2.220504,0.902075726
53,0,2.220504,0.902075726
53,0,2.220504,0.902075726
53,0,2.220504,0.902075726
53,0,2.220504,0.902075726
53,0,1.4979905,0.817274575
53,0,1.4633502,0.812044544
53,0,2.0243697,0.88333209
53,0,1.5872623,0.830230579
53,0,2.220504,0.902075726
53,0,2.220504,0.902075726
53,0,1.9049898,0.870455231
53,0,4.7615876,0.991520495
53,0,-1.6487597,0.16127665
53,0,4.562152,0.98966829
53,0,-2.1983595,0.099897903
53,0,2.4901583,0.923448994
53,0,1.3526975,0.794570287
53,0,2.44847,0.920449493
53,0,0.24425468,0.56076188
53,0,1.569194,0.827668676
53,0,0.41956887,0.60338008
53,0,1.5188416,0.820367837
53,0,-0.9969202,0.269547378
53,0,0.71062326,0.670538863
53,0,-0.8289735,0.303862162
53,0,2.0308642,0.883999726
53,0,1.5720183,0.828071143
53,0,1.6371769,0.837150432
53,0,-3.6106088,0.026323711
53,0,-1.880607,0.132319168
53,0,-4.7371182,0.008687727
53,0,-7.663105,0.000469626
53,0,-4.5858088,0.010092601
53,0,-9.040489,0.000118499
53,0,-16.179192,9.41E-08
54,1,-6.500558,0.001500346
54,1,-13.46997,1.41E-06
54,1,-8.014631,0.000330481
54,1,-10.477359,2.82E-05
54,1,-4.1278834,0.01586132
54,1,-10.936288,1.78E-05
54,1,-5.673303,0.003424727
54,1,-9.134927,0.000107821
54,1,-6.030957,0.002397432
54,1,0.81684625,0.693566477
54,1,-16.060654,1.06E-07
54,1,-4.943836,0.007076768
54,1,-16.919119,4.49E-08
54,1,-9.688186,6.20E-05
54,1,-7.295665,0.000678014
54,1,-4.9262404,0.007201486
54,1,1.9757408,0.878226396
54,1,-5.3935237,0.004525355
54,1,2.5195725,0.925502585
54,1,-8.522493,0.000198903
54,1,-0.7621985,0.318169138
54,1,-8.7598715,0.00015688
54,1,-11.896302,6.82E-06
54,1,-20.87198,8.62E-10
54,1,-14.555924,4.77E-07
54,1,-15.174163,2.57E-07
54,1,-13.964361,8.62E-07
54,1,-11.517135,9.96E-06
54,1,-9.807603,5.50E-05
54,1,-6.630383,0.001317918
55,0,-16.167639,9.52E-08
55,0,-9.469147,7.72E-05
55,0,-18.976194,5.74E-09
55,0,-15.916608,1.22E-07
55,0,-10.505729,2.74E-05
55,0,-7.725333,0.000441305
55,0,-10.172926,3.82E-05
55,0,-12.134196,5.37E-06
55,0,-13.028724,2.20E-06
55,0,-12.557923,3.52E-06
55,0,-14.710598,4.09E-07
55,0,3.0522673,0.954880311
55,0,-10.739157,2.17E-05
55,0,-0.18489492,0.453907506
55,0,-13.801463,1.01E-06
55,0,-14.158722,7.09E-07
55,0,-16.879725,4.67E-08
55,0,-17.687475,2.08E-08
55,0,-7.5035357,0.000550829
55,0,-14.05647,7.86E-07
55,0,-5.853237,0.002862375
55,0,-12.716049,3.00E-06
55,0,-3.2303746,0.038038537
55,0,-4.546471,0.010493285
55,0,-6.0179286,0.002428794
55,0,-0.2580384,0.435845974
56,1,7.174935,0.99923505
56,1,11.71522,0.999991832
56,1,11.719166,0.999991864
56,1,8.418087,0.999779212
56,1,3.4308481,0.968654829
56,1,1.9017891,0.870093882
56,1,-7.022003,0.000891242
56,1,-3.94046,0.019068591
56,1,-5.566302,0.003810026
56,1,-3.1721244,0.040228312
56,1,-6.644044,0.00130006
56,1,-9.832284,5.37E-05
56,1,-12.18519,5.11E-06
56,1,-8.151256,0.00028829
56,1,-10.285448,3.41E-05
56,1,-2.9815192,0.048267792
56,1,3.5281444,0.971478041
56,1,1.7931441,0.85731232
56,1,-2.2269692,0.097354653
56,1,1.5178072,0.820215353
56,1,-1.0731487,0.25480475
56,1,-2.148624,0.104459875
56,1,-2.4625368,0.078526578
56,1,-1.1412671,0.242087796
56,1,-2.6943207,0.063309311
56,1,-1.2453071,0.223513559
56,1,-1.9536092,0.124160345
56,1,-1.9536092,0.124160345
56,1,-1.9536092,0.124160345
56,1,-2.1085165,0.108271814
56,1,-2.1884704,0.100790639
56,1,-2.098659,0.109227228
56,1,-2.3705056,0.08544962
56,1,-1.9536092,0.124160345
56,1,-1.9536092,0.124160345
56,1,-1.9536092,0.124160345
56,1,-1.9536092,0.124160345
56,1,-1.9536092,0.124160345
56,1,-2.0178502,0.117341468
56,1,-2.724191,0.061560902
56,1,-2.0807242,0.110984492
56,1,-1.7324562,0.150273674
56,1,-0.7731399,0.315800275
56,1,-0.46120307,0.386700461
56,1,-1.1226684,0.245516658
56,1,-1.1390241,0.242499582
56,1,-1.9536092,0.124160345
56,1,-1.9536092,0.124160345
56,1,-3.0520606,0.045128595
56,1,-2.3359864,0.088186113
56,1,-3.3168876,0.034996367
56,1,-2.0871592,0.110351158
56,1,-1.9536092,0.124160345
56,1,-1.9536092,0.124160345
56,1,-1.8276291,0.138520957
56,1,-1.8859488,0.131707075
56,1,-1.8540555,0.135397438
56,1,-1.8685704,0.133707226
56,1,-1.6993698,0.154547591
56,1,-2.0516524,0.113885522
56,1,-2.033373,0.115743259
56,1,-2.037895,0.11528125
56,1,-2.5154555,0.07478177
56,1,-2.215535,0.098364089
56,1,-2.7352095,0.060927417
56,1,-2.310701,0.090240578
56,1,-2.0676055,0.112285495
56,1,-2.0312557,0.115960134
56,1,-2.19143,0.100522722
56,1,-1.9536092,0.124160345
56,1,-1.9536092,0.124160345
56,1,-2.0036345,0.118821851
56,1,-1.8332609,0.137850265
56,1,-2.1232026,0.106862021
56,1,-2.7863915,0.058063999
56,1,-3.5908985,0.026833646
56,1,-5.70303,0.003324752
56,1,-4.324755,0.013063869
56,1,-8.318714,0.00024385
56,1,-9.798807,5.55E-05
56,1,-8.602003,0.000183704
56,1,-7.132809,0.000797836
57,0,-19.348343,3.95E-09
57,0,-9.924419,4.90E-05
57,0,-26.300257,3.78E-12
57,0,-16.14688,9.72E-08
57,0,-20.732512,9.91E-10
57,0,-30.240782,7.36E-14
57,0,-17.10987,3.71E-08
57,0,-23.871653,4.29E-11
57,0,-19.014393,5.52E-09
57,0,-17.262556,3.18E-08
57,0,-18.816902,6.73E-09
57,0,-5.6955605,0.003349595
57,0,-15.583597,1.71E-07
57,0,-7.339016,0.000649268
57,0,-15.6767645,1.55E-07
57,0,-2.2462125,0.095676668
57,0,-4.970746,0.006890167
57,0,-12.012859,6.07E-06
57,0,-8.443542,0.00021524
57,0,-7.2239165,0.000728411
57,0,1.2432264,0.776125117
57,0,7.2634563,0.999299809
57,0,-3.0992382,0.043138689
58,1,0.7871872,0.687227049
58,1,-1.5815442,0.170576897
58,1,-0.08676981,0.478321147
58,1,2.1244376,0.893255793
58,1,2.4019835,0.91697843
58,1,4.3500023,0.987257679
58,1,3.8718445,0.979604697
58,1,1.4471612,0.809561155
58,1,-9.123985,0.000109007
58,1,-7.7003613,0.000452459
58,1,-13.248672,1.76E-06
58,1,-7.3437347,0.000646213
58,1,-9.077168,0.000114232
58,1,-4.3892307,0.012258146
58,1,-0.58256817,0.358341872
58,1,-4.6301594,0.009658998
58,1,1.7506123,0.852030014
58,1,-2.3920543,0.083780606
58,1,1.0656867,0.74377578
58,1,-1.0380211,0.261532004
58,1,-2.4053144,0.082768344
58,1,1.8346193,0.862311098
58,1,-0.1335522,0.466661488
58,1,-2.601968,0.069011871
58,1,-0.93971384,0.280958149
58,1,-2.7973363,0.057468287
58,1,-2.581372,0.070346952
58,1,-4.0542235,0.017053093
58,1,-11.529604,9.83E-06
58,1,-9.711799,6.06E-05
58,1,-18.423687,9.97E-09
58,1,-15.960274,1.17E-07
58,1,-18.893349,6.23E-09
58,1,-19.356585,3.92E-09
58,1,-19.491201,3.43E-09
58,1,-21.687422,3.81E-10
58,1,-8.8029375,0.000150268
58,1,-9.67749,6.27E-05
58,1,-8.433627,0.000217384
58,1,-8.214601,0.000270599
58,1,-11.134267,1.46E-05
58,1,-10.818175,2.00E-05
58,1,-7.337596,0.00065019
58,1,-3.5444505,0.028073599
58,1,-1.134506,0.243330494
58,1,-1.1112425,0.247639321
58,1,0.4971081,0.621779484
58,1,0.6184734,0.649871268
58,1,5.0672913,0.993739974
58,1,-0.000138685,0.499965329
58,1,3.2832134,0.96384842
58,1,0.6993878,0.668052026
58,1,-0.6056765,0.353046076
58,1,0.7707424,0.683681468
58,1,0.58350706,0.641873981
58,1,0.9301778,0.717111356
58,1,0.33750606,0.583584588
58,1,-0.12320554,0.469237519
58,1,-2.5580208,0.071889485
58,1,0.3411191,0.58446234
58,1,-2.8902068,0.052639805
58,1,-2.9141018,0.051460847
58,1,1.5215142,0.820761346
58,1,-2.954266,0.049535275
58,1,-1.0178283,0.265450637
58,1,-0.64337593,0.344483805
58,1,-3.3668988,0.033346129
58,1,-5.2571793,0.005182977
58,1,-5.660679,0.003468084
58,1,-5.9235983,0.002668416
58,1,-6.6380415,0.001307877
58,1,-7.8391247,0.000393859
58,1,-7.795617,0.000411365
58,1,-8.427696,0.000218677
58,1,-12.09583,5.58E-06
58,1,-13.848626,9.67E-07
58,1,-14.823325,3.65E-07
58,1,-14.282529,6.27E-07
58,1,-11.180476,1.39E-05
58,1,-14.560046,4.75E-07
58,1,-12.279788,4.64E-06
58,1,-13.730049,1.09E-06
58,1,-12.221479,4.92E-06
58,1,-10.358655,3.17E-05
58,1,-14.399797,5.58E-07
58,1,-11.653734,8.69E-06
59,0,-20.268347,1.58E-09
59,0,-8.020189,0.00032865
59,0,-21.974882,2.86E-10
59,0,-8.885614,0.000138346
59,0,-9.017443,0.000121261
59,0,-17.00206,4.13E-08
59,0,-16.57494,6.33E-08
59,0,-10.363392,3.16E-05
59,0,-15.141186,2.66E-07
59,0,-14.892638,3.41E-07
59,0,-14.70635,4.10E-07
59,0,-27.184423,1.56E-12
59,0,-16.561989,6.42E-08
59,0,-23.210302,8.32E-11
59,0,-18.10087,1.38E-08
59,0,-20.74843,9.75E-10
60,0,2.6372497,0.93322077
60,0,-1.524821,0.178752699
60,0,3.0161762,0.953299587
60,0,0.16227093,0.540478948
60,0,5.1624947,0.994305223
60,0,0.119505405,0.529840845
60,0,-2.6022444,0.068994114
60,0,-5.6376934,0.003548437
60,0,-10.003668,4.52E-05
60,0,-5.522994,0.003977985
60,0,-2.8677356,0.053771749
60,0,0.48281786,0.61841305
60,0,-1.5693353,0.172311171
60,0,0.019216895,0.504804076
60,0,-3.4378157,0.031134306
60,0,-0.003311977,0.499172007
60,0,-7.241191,0.000715945
60,0,-4.725996,0.00878404
60,0,-6.3646536,0.00171838
60,0,-8.395091,0.000225923
60,0,-4.997761,0.006707752
60,0,-13.010614,2.24E-06
60,0,-6.2985153,0.001835657
60,0,-9.063684,0.000115782
60,0,-8.878718,0.000139303
60,0,-14.041679,7.98E-07
60,0,-16.833883,4.89E-08
60,0,-20.294067,1.54E-09
60,0,-19.801413,2.51E-09
60,0,-18.125011,1.34E-08
60,0,-13.153387,1.94E-06
60,0,-21.426802,4.95E-10
60,0,-6.331242,0.00177666
60,0,-17.03448,4.00E-08
60,0,-19.774385,2.58E-09
60,0,-19.964237,2.14E-09
60,0,-12.569065,3.48E-06
60,0,-6.456971,0.001567083
60,0,0.5161911,0.626256688
60,0,0.583225,0.641809141
60,0,3.9691532,0.981460773
60,0,-0.9393517,0.281031315
60,0,-0.63257587,0.346926697
60,0,-1.9782732,0.121503036
60,0,-2.9420445,0.05011386
60,0,-1.3213103,0.210600376
60,0,-3.950813,0.0188759
60,0,-2.9202092,0.051163544
60,0,0.3234463,0.580163911
60,0,-3.225622,0.038212825
60,0,-2.3218596,0.089328667
60,0,-2.0209405,0.117021776
60,0,-2.275042,0.093211173
60,0,-1.013169,0.266360131
60,0,-0.92490983,0.28395854
60,0,-2.1528168,0.104068297
60,0,-2.5416286,0.0729909
60,0,0.7338035,0.675639369
60,0,-4.634598,0.009616632
60,0,0.015198022,0.503799432
60,0,-8.589268,0.000186058
60,0,-1.337395,0.207938776
60,0,-2.7279425,0.06134453
60,0,3.7225642,0.976398585
60,0,-2.4721353,0.077834832
60,0,0.20022587,0.549889903
60,0,-2.5055192,0.075472168
60,0,-1.3578523,0.204589582
60,0,-0.7914163,0.311864643
60,0,-4.5049024,0.0109338
60,0,1.4471264,0.80955579
60,0,-3.5058143,0.029147248
60,0,0.46466288,0.614119756
60,0,-0.59730077,0.354961478
60,0,-5.3966503,0.004511292
60,0,-6.75092,0.001168436
60,0,-5.732783,0.003227602
60,0,-7.417919,0.000600037
60,0,-5.5758553,0.003773938
61,0,-12.013251,6.06E-06
61,0,-6.6013646,0.00135667
61,0,-12.559132,3.51E-06
61,0,-3.2120454,0.038714941
61,0,-5.6902194,0.003367473
61,0,-8.329586,0.000241214
61,0,-8.517911,0.000199817
61,0,-4.010288,0.017805394
61,0,-11.547912,9.66E-06
61,0,-6.7651834,0.001151908
61,0,-8.118395,0.000297918
61,0,-13.635197,1.20E-06
61,0,-14.105408,7.48E-07
61,0,-18.971378,5.77E-09
61,0,-1.374793,0.201846569
61,0,-12.323882,4.44E-06
61,0,-5.389583,0.004543142
61,0,-4.9283752,0.007186239
61,0,-6.2152634,0.001994703
61,0,-9.811757,5.48E-05
61,0,-12.976992,2.31E-06
61,0,-14.932725,3.27E-07
61,0,-20.56524,1.17E-09
61,0,-15.804127,1.37E-07
61,0,-17.658615,2.14E-08
61,0,-21.021767,7.42E-10
61,0,-16.487759,6.91E-08
62,0,1.654973,0.839562033
62,0,-0.37688705,0.406877922
62,0,4.151087,0.984496843
62,0,-1.6332612,0.163384099
62,0,-5.9150567,0.002691244
62,0,-0.51429343,0.374187586
62,0,-8.721424,0.000163028
62,0,3.4579875,0.969468454
62,0,-6.2370834,0.001951734
62,0,6.7757316,0.998860165
62,0,4.659335,0.990616131
62,0,0.5289885,0.629247165
62,0,1.2183757,0.771777576
62,0,-7.9149847,0.000365096
62,0,-8.251154,0.000260889
62,0,-5.9032054,0.002723242
62,0,-4.899471,0.007395424
62,0,-0.16519387,0.458795193
62,0,1.178797,0.764731432
62,0,1.04213,0.739260782
62,0,-2.07165,0.111882981
62,0,7.440346,0.999413262
62,0,-3.4148352,0.031835031
62,0,2.8727558,0.946483109
62,0,0.16703059,0.541660834
62,0,-0.1146353,0.471372518
62,0,3.3930616,0.967486988
62,0,0.15040262,0.537529935
62,0,-4.3430033,0.012830669
62,0,-8.787815,0.000152558
62,0,-8.599992,0.000184073
62,0,-8.771004,0.000155144
62,0,-2.8546057,0.05444373
62,0,-9.440459,7.94E-05
62,0,2.3927805,0.916275121
62,0,-0.7416724,0.322638544
62,0,12.525221,0.999996366
62,0,8.06001,0.999684176
62,0,13.297368,0.999998321
62,0,-1.9753006,0.121820689
62,0,-7.313692,0.000665909
62,0,-5.151698,0.00575624
62,0,-2.5378726,0.073245451
62,0,1.3178298,0.788820415
62,0,2.1755142,0.898029027
62,0,-0.89828044,0.289403996
62,0,-0.7189819,0.327617215
62,0,2.957499,0.950616718
62,0,-1.2480719,0.223034081
62,0,-0.5509901,0.365634729
62,0,-5.693701,0.003355809
62,0,-0.8816918,0.292827319
62,0,-6.654388,0.001286699
62,0,-0.66994965,0.338508115
62,0,-9.43309,8.00E-05
62,0,-5.1878996,0.005552718
62,0,-0.016521214,0.49586979
62,0,-3.0362163,0.045816299
62,0,1.7930493,0.857300723
62,0,4.602865,0.990076387
62,0,-0.21402805,0.44669631
62,0,0.22972627,0.557180318
62,0,0.1690477,0.542161568
62,0,-7.2938213,0.000679264
62,0,-5.621725,0.003605348
62,0,-6.814391,0.001096658
62,0,2.2542489,0.905016407
62,0,2.475678,0.92241907
62,0,3.280359,0.963748828
62,0,-2.5852368,0.07009462
62,0,-9.996786,4.55E-05
62,0,-5.082121,0.006168445
62,0,-13.236973,1.78E-06
62,0,-5.144747,0.005796158
62,0,-3.5755923,0.027236254
62,0,-1.9556303,0.123940728
62,0,-5.294715,0.004992989
62,0,1.1644578,0.762141776
62,0,-4.236357,0.014254058
62,0,1.7887518,0.856774175
62,0,-6.1148767,0.002204876
62,0,-8.54442,0.00019459
